,Unnamed: 0.1,Unnamed: 0,Time,Velocity,Acceleration,LongitudeGPS,LatitudeGPS,TrackID
0,0,13826,1616072749.8,102.57220666141184,-0.5692994289311569,-86.7231633,36.1119138,384.0
1,1,13827,1616072749.9,102.47356455548145,-0.3993893109327715,-86.72315,36.1118902,384.0
2,2,13828,1616072750.0,102.33209694142045,-0.6276896706452482,-86.72313630000001,36.1118663,384.0
3,3,13829,1616072750.1,102.2296699302774,-0.59,-86.723123,36.1118425,384.0
4,4,13830,1616072750.2,102.13504941557038,-0.39,-86.72310999999999,36.1118183,384.0
5,5,13831,1616072750.3,102.05757075245576,-0.47216242006074,-86.7230965,36.1117945,384.0
6,6,13832,1616072750.4,101.96615783006416,-0.19,-86.723083,36.1117703,386.37908140625615
7,7,13833,1616072750.5,101.89,-0.39,-86.723069,36.111746200000006,389.9129487229896
8,8,13834,1616072750.6,101.7188919332521,-0.59,-86.7230545,36.1117225,393.0
9,9,13835,1616072750.7,101.65326533794382,-0.59,-86.72304,36.1116985,393.0
10,10,13836,1616072750.8,101.5382438790121,-0.59,-86.7230235,36.1116752,393.0
11,11,13837,1616072750.9,101.46794591007136,-0.5064851918425733,-86.7230113,36.1116523,393.0
12,12,13838,1616072751.0,101.3838937518865,-0.39,-86.7229995,36.11162879999999,393.0
13,13,13839,1616072751.1,101.22743471484172,-0.39,-86.72298620000001,36.1116063,393.0
14,14,13840,1616072751.2,101.1402287864292,-0.59,-86.7229728,36.1115833,392.23971316626006
15,15,13841,1616072751.3,101.06470969801084,-0.5893255206137762,-86.7229592,36.1115602,386.0383381385377
16,16,13842,1616072751.4,100.91391252870264,-0.59,-86.7229458,36.111537,386.9660973899731
17,17,13843,1616072751.5,100.79555173925752,-0.5393010698193009,-86.7229322,36.111514,391.3844625034675
18,18,13844,1616072751.6,100.69737911365446,-0.59,-86.7229188,36.1114913,393.0
19,19,13845,1616072751.7,100.62181952901872,-0.4863046962128525,-86.7229052,36.1114683,393.0
20,20,13846,1616072751.8,100.4459235984786,-0.59,-86.7228918,36.1114455,390.6819978986816
21,21,13847,1616072751.9,100.2518696758491,-0.6219340918371135,-86.72287829999999,36.11142279999999,387.0265957189269
22,22,13848,1616072752.0,100.22585208563272,-0.59,-86.722865,36.1113998,384.0
23,23,13849,1616072752.1,100.10561002099776,-0.59,-86.72285169999999,36.111377000000005,384.0
24,24,13850,1616072752.2,99.94598520363316,-0.59,-86.7228382,36.1113543,384.0
25,25,13851,1616072752.3,99.84744071137187,-0.59,-86.7228248,36.1113317,384.0
26,26,13852,1616072752.4,99.65117681600896,-0.6814486962286388,-86.7228113,36.1113088,384.4406254738055
27,27,13853,1616072752.5,99.5177279940606,-0.59,-86.7227978,36.1112862,386.98434698230113
28,28,13854,1616072752.6,99.37945398132842,-0.78,-86.7227845,36.1112635,389.5280684907968
29,29,13855,1616072752.7,99.28118006569385,-0.59,-86.722771,36.111241,392.0717960640029
30,30,13856,1616072752.8,99.17520238727276,-0.39,-86.7227573,36.1112183,390.6801331488344
31,31,13857,1616072752.9,99.0700128582424,-0.78,-86.7227438,36.1111957,387.0273661496183
32,32,13858,1616072753.0,98.96,-0.39,-86.7227303,36.1111733,384.0
33,33,13859,1616072753.1,98.92887587168758,-0.2944966889867189,-86.7227168,36.1111508,384.0
34,34,13860,1616072753.2,98.89757946524456,-0.2629663271859803,-86.7227032,36.1111282,384.0
35,35,13861,1616072753.3,98.81523905989332,-0.19,-86.7226897,36.1111058,384.0
36,36,13862,1616072753.4,98.71114293391646,-0.3784823079316846,-86.7226762,36.1110833,384.0
37,37,13863,1616072753.5,98.75229952021934,-0.0165444972027643,-86.7226627,36.1110608,384.0
38,38,13864,1616072753.6,98.79869089239016,-0.19,-86.7226492,36.1110385,384.0
39,39,13865,1616072753.7,98.74266193840432,0.0708245394383831,-86.7226355,36.1110162,384.0
40,40,13866,1616072753.8,98.7279679245283,0.0,-86.722622,36.1109938,384.0
41,41,13867,1616072753.9,98.7661629398055,0.0,-86.7226083,36.1109717,384.0
42,42,13868,1616072754.0,98.82874076570884,0.1510369681469425,-86.7225947,36.1109493,384.0
43,43,13869,1616072754.1,98.82288313943718,0.0,-86.72258120000001,36.110927,384.0
44,44,13870,1616072754.2,98.79753754633232,0.0,-86.72256750000001,36.1109047,384.0
45,45,13871,1616072754.3,98.81626323077067,0.0,-86.7225538,36.1108823,384.0
46,46,13872,1616072754.4,98.78,0.0,-86.7225402,36.11086,384.0
47,47,13873,1616072754.5,98.80318826397006,0.0,-86.7225267,36.110837700000005,384.0
48,48,13874,1616072754.6,98.8,-0.1197685344227287,-86.722513,36.1108155,384.0
49,49,13875,1616072754.7,98.83090157146978,0.1501468079751685,-86.7224993,36.1107932,384.0
50,50,13876,1616072754.8,98.86157924058568,0.0,-86.7224855,36.110771,384.0
51,51,13877,1616072754.9,98.84765818241296,0.012179092105026,-86.7224718,36.1107485,384.0
52,52,13878,1616072755.0,98.86247500932488,0.1500573631315681,-86.7224582,36.1107263,384.0
53,53,13879,1616072755.1,98.87739759171733,0.0,-86.72244429999999,36.1107042,384.0
54,54,13880,1616072755.2,98.85309971769075,0.0,-86.7224305,36.1106818,384.0
55,55,13881,1616072755.3,98.85849869256631,0.0,-86.7224167,36.1106595,384.0
56,56,13882,1616072755.4,98.83,-0.1479663851093105,-86.7224028,36.110637200000006,384.0
57,57,13883,1616072755.5,98.82,0.0,-86.72238879999999,36.110615,384.0
58,58,13884,1616072755.6,98.82901020389473,0.0,-86.722375,36.1105925,384.0
59,59,13885,1616072755.7,98.83413953488372,0.0,-86.72236099999999,36.1105703,384.0
60,60,13886,1616072755.8,98.85480999899204,0.0,-86.722347,36.1105482,384.0
61,61,13887,1616072755.9,98.89240426240428,0.0,-86.72233299999999,36.110526,384.0
62,62,13888,1616072756.0,98.95544582397947,0.19,-86.722319,36.1105038,384.0
63,63,13889,1616072756.1,98.8928581663865,0.0,-86.72230520000001,36.1104815,384.0
64,64,13890,1616072756.2,98.9298101614959,0.0243752788933511,-86.7222912,36.1104593,384.0
65,65,13891,1616072756.3,98.92356644267818,0.1833726927252985,-86.7222772,36.1104372,384.0
66,66,13892,1616072756.4,98.95999159524162,0.1587716445216491,-86.722263,36.1104148,384.0
67,67,13893,1616072756.5,98.97457868506628,0.0,-86.722249,36.110392700000006,384.0
68,68,13894,1616072756.6,99.01825888146324,0.0,-86.7222348,36.1103705,384.0
69,69,13895,1616072756.7,99.02676546106105,0.0755068475733798,-86.72222070000001,36.1103483,384.0
70,70,13896,1616072756.8,99.10722387416118,0.0,-86.7222065,36.1103262,384.0
71,71,13897,1616072756.9,99.13065401055384,0.1710298036399372,-86.72219229999999,36.1103038,384.0
72,72,13898,1616072757.0,99.12548674178592,0.0,-86.7221782,36.1102817,384.0
73,73,13899,1616072757.1,99.25690348588157,0.3547335437051965,-86.72216379999999,36.1102595,384.0
74,74,13900,1616072757.2,99.32,0.19,-86.7221497,36.1102372,384.0
75,75,13901,1616072757.3,99.33099982436518,0.0,-86.7221353,36.110215,384.0
76,76,13902,1616072757.4,99.3425098317978,0.19,-86.722121,36.11019279999999,384.0
77,77,13903,1616072757.5,99.41911512485969,0.2376463395282411,-86.7221067,36.1101705,384.0
78,78,13904,1616072757.6,99.45790127654882,0.1713518453556856,-86.7220922,36.11014829999999,386.9737493566019
79,79,13905,1616072757.7,99.49862227801742,0.0018650393759563,-86.7220777,36.110126,391.37964515937017
80,80,13906,1616072757.8,99.56343768593528,0.0,-86.7220632,36.1101038,390.6867708108181
81,81,13907,1616072757.9,99.67137641184917,0.3306874659894794,-86.7220487,36.1100817,387.0279177017595
82,82,13908,1616072758.0,99.76998921832885,0.4724889366312271,-86.72203420000001,36.1100595,384.0
83,83,13909,1616072758.1,99.79257317978175,0.3057219312884848,-86.7220195,36.1100372,384.0
84,84,13910,1616072758.2,99.9096989404255,0.2458140385864444,-86.7220048,36.110015,384.3367798554983
85,85,13911,1616072758.3,100.03281137992832,0.58,-86.7219902,36.10999279999999,386.32003795377454
86,86,13912,1616072758.4,100.07,0.39,-86.7219753,36.1099705,387.0
87,87,13913,1616072758.5,100.0932038192562,0.0708015911282546,-86.72196070000001,36.10994829999999,387.0
88,88,13914,1616072758.6,100.13596308099008,0.19,-86.7219458,36.109926,387.0
89,89,13915,1616072758.7,100.17796013115245,0.297803340194367,-86.7219312,36.10990379999999,387.0
90,90,13916,1616072758.8,100.22986867233249,0.2349322936165161,-86.7219165,36.1098817,388.3035367792229
91,91,13917,1616072758.9,100.3029020231214,0.19,-86.7219015,36.1098593,390.2808171777799
92,92,13918,1616072759.0,100.39928851360654,0.0264201079522348,-86.72188670000001,36.109837,391.6696044281262
93,93,13919,1616072759.1,100.50447660986904,0.3840449869351509,-86.72187199999999,36.1098148,389.13841032585736
94,94,13920,1616072759.2,100.5075338892296,0.39,-86.721857,36.109793,387.0
95,95,13921,1616072759.3,100.53875901203432,0.2470018158094039,-86.72184229999999,36.1097708,387.0
96,96,13922,1616072759.4,100.6240247809508,0.1053305642090688,-86.7218275,36.1097488,387.0
97,97,13923,1616072759.5,100.6783168769172,0.114899779926764,-86.721813,36.1097267,387.0
98,98,13924,1616072759.6,100.65903312181344,0.0,-86.7217985,36.1097043,387.0
99,99,13925,1616072759.7,100.66084029203948,0.0250126232813266,-86.7217842,36.1096805,387.0
100,100,13926,1616072759.8,100.7085447860901,0.1830755601126071,-86.72176929999999,36.109658,387.0
101,101,13927,1616072759.9,100.67002171854988,0.162826717657919,-86.721755,36.1096352,387.0
102,102,13928,1616072760.0,100.6,0.0,-86.72174,36.1096128,387.0
103,103,13929,1616072760.1,100.6339763880965,-0.0752603482260184,-86.72172619999999,36.1095898,387.0
104,104,13930,1616072760.2,100.61815236620964,-0.1142314179179316,-86.72171329999999,36.109568200000005,387.0
105,105,13931,1616072760.3,100.55303175788936,0.0,-86.72169699999999,36.1095472,387.0
106,106,13932,1616072760.4,100.55027650563622,-0.1671036757166215,-86.7216797,36.1095265,387.0
107,107,13933,1616072760.5,100.57623398217932,0.0,-86.72166700000001,36.1095057,387.0
108,108,13934,1616072760.6,100.54353878192248,0.0,-86.721652,36.1094847,387.0
109,109,13935,1616072760.7,100.51464174313593,0.0,-86.7216365,36.1094623,387.0
110,110,13936,1616072760.8,100.40054793267473,0.0,-86.7216213,36.1094403,387.0
111,111,13937,1616072760.9,100.36,-0.3035733969214211,-86.72160600000001,36.1094183,387.0
112,112,13938,1616072761.0,100.35823892336887,-0.0473714979246961,-86.7215905,36.109396,387.4889197459113
113,113,13939,1616072761.1,100.32114875742492,-0.19,-86.7215752,36.10937379999999,390.7830726892314
114,114,13940,1616072761.2,100.31,-0.1843043015738796,-86.7215598,36.1093518,392.0
115,115,13941,1616072761.3,100.30696360995198,-0.0265799126637554,-86.72154429999999,36.1093298,392.0
116,116,13942,1616072761.4,100.2391509621107,0.0,-86.72152879999999,36.1093078,392.0
117,117,13943,1616072761.5,100.15380875657377,-0.1112188062344685,-86.7215133,36.1092858,392.0
118,118,13944,1616072761.6,100.14282064670122,-0.39,-86.7214977,36.1092638,392.0
119,119,13945,1616072761.7,100.13689789447092,-0.3337210202708308,-86.721482,36.10924179999999,392.0
120,120,13946,1616072761.8,100.0223371062592,-0.19,-86.7214665,36.1092198,390.7270634271159
121,121,13947,1616072761.9,99.9683675429006,-0.19,-86.72145079999999,36.109198,388.7127607258254
122,122,13948,1616072762.0,99.94575705057508,-0.2072953788738063,-86.721435,36.10917620000001,387.49403192937456
123,123,13949,1616072762.1,99.89685509798989,-0.19,-86.7214192,36.10915429999999,390.7942136860409
124,124,13950,1616072762.2,99.84566779924457,0.0,-86.72140329999999,36.1091325,392.0
125,125,13951,1616072762.3,99.82276351215224,-0.19,-86.7213873,36.1091107,392.0
126,126,13952,1616072762.4,99.81845870747917,0.0,-86.7213715,36.1090888,390.7272616145156
127,127,13953,1616072762.5,99.83930876705614,0.0,-86.7213555,36.109067200000005,388.7087080352322
128,128,13954,1616072762.6,99.84141110410926,0.0,-86.7213395,36.1090453,387.5048269935264
129,129,13955,1616072762.7,99.8597314149117,0.0,-86.7213233,36.1090235,390.7936358332915
130,130,13956,1616072762.8,99.87577486648104,0.0,-86.72130729999999,36.1090018,392.0
131,131,13957,1616072762.9,99.93661999670566,0.1154753043877785,-86.72129129999999,36.108980200000005,392.0
132,132,13958,1616072763.0,100.06292223194323,0.0,-86.7212752,36.1089585,392.0
133,133,13959,1616072763.1,100.12930547430004,0.39,-86.7212588,36.1089368,392.0
134,134,13960,1616072763.2,100.30967646566631,0.58,-86.7212423,36.108915,391.57722376396106
135,135,13961,1616072763.3,100.2672970709036,0.3879253748514016,-86.7212262,36.1088933,388.165814824334
136,136,13962,1616072763.4,100.3371918171654,0.39,-86.7212098,36.1088717,388.6256354577474
137,137,13963,1616072763.5,100.4218607389135,0.0,-86.7211937,36.10885,391.09522121642834
138,138,13964,1616072763.6,100.45775111684245,0.3098486745314485,-86.7211773,36.1088283,390.39442552158033
139,139,13965,1616072763.7,100.4816173712307,0.19,-86.72116120000001,36.1088065,387.8604942552762
140,140,13966,1616072763.8,100.58330123771552,0.1256854277905834,-86.72114479999999,36.108785,388.304481736521
141,141,13967,1616072763.9,100.6785575325778,0.2323470606611904,-86.72112829999999,36.108763200000006,390.2797452032525
142,142,13968,1616072764.0,100.73467160273186,0.19,-86.7211118,36.1087415,392.0
143,143,13969,1616072764.1,100.76255405405404,0.39,-86.7210953,36.1087198,392.0
144,144,13970,1616072764.2,100.82221883793112,0.39,-86.7210788,36.1086982,392.0
145,145,13971,1616072764.3,100.86946580488345,0.3175274267780512,-86.72106219999999,36.1086767,392.0
146,146,13972,1616072764.4,100.87317210422188,0.2861054332306305,-86.7210455,36.108655,392.0
147,147,13973,1616072764.5,100.89711671068076,0.1258560265904717,-86.7210287,36.1086335,392.0
148,148,13974,1616072764.6,101.00267791308234,0.0422086542963908,-86.7210117,36.1086118,390.7320588413319
149,149,13975,1616072764.7,101.09562415022232,0.19,-86.7209947,36.1085902,388.71717749149
150,150,13976,1616072764.8,101.14492439197348,0.5601377270500281,-86.7209777,36.108568700000006,387.4874217793872
151,151,13977,1616072764.9,101.15189757250111,0.0422628382645872,-86.7209608,36.108547,390.7863810401729
152,152,13978,1616072765.0,101.22967508958588,0.1192767021769337,-86.7209438,36.1085255,392.0
153,153,13979,1616072765.1,101.23113794964192,0.2840940609538523,-86.72092679999999,36.1085038,392.0
154,154,13980,1616072765.2,101.138461714474,0.1259319594311206,-86.7209097,36.1084823,390.7310689759858
155,155,13981,1616072765.3,101.15817131074152,0.0,-86.7208925,36.1084608,388.71629115252034
156,156,13982,1616072765.4,101.1445190173154,-0.19,-86.7208753,36.1084393,387.0
157,157,13983,1616072765.5,101.06017133294134,-0.0120251408122837,-86.72085820000001,36.1084178,387.0
158,158,13984,1616072765.6,101.03728715649828,-0.19,-86.72084100000001,36.1083963,387.0
159,159,13985,1616072765.7,101.04089191677409,0.0,-86.7208238,36.108375,387.0
160,160,13986,1616072765.8,101.02909303178596,0.0,-86.72080679999999,36.1083537,387.5057022832654
161,161,13987,1616072765.9,100.98204907745622,-0.0763050844267078,-86.7207897,36.1083323,390.7941862270219
162,162,13988,1616072766.0,100.97507185872097,0.0,-86.7207723,36.1083108,390.72573400031854
163,163,13989,1616072766.1,100.9863797989722,-0.1678469442343522,-86.7207552,36.108289500000005,388.7136971818149
164,164,13990,1616072766.2,100.85870616455225,0.0,-86.72073780000001,36.1082683,387.367207187207
165,165,13991,1616072766.3,100.7919069642222,-0.19,-86.7207207,36.108247,389.8436548666923
166,166,13992,1616072766.4,100.79284982822098,-0.5317047854414738,-86.7207032,36.108225700000006,392.0
167,167,13993,1616072766.5,100.71819784992746,-0.19,-86.7206858,36.1082045,392.0
168,168,13994,1616072766.6,100.61170808579476,-0.19,-86.7206685,36.108183200000006,392.0
169,169,13995,1616072766.7,100.64291263745372,-0.248224221465916,-86.720651,36.108162,392.0
170,170,13996,1616072766.8,100.48216981218464,-0.19,-86.72063370000001,36.1081408,390.7319528135384
171,171,13997,1616072766.9,100.46888426657792,0.0,-86.7206162,36.1081197,388.7148854723215
172,172,13998,1616072767.0,100.43548316591838,-0.19,-86.7205988,36.1080985,387.37114984093154
173,173,13999,1616072767.1,100.40644441245536,-0.1328238161559888,-86.72058129999999,36.1080773,389.8486126846003
174,174,14000,1616072767.2,100.39,-0.1544759386276616,-86.7205638,36.1080563,392.0
175,175,14001,1616072767.3,100.32724955742266,-0.1079731815283386,-86.7205463,36.1080353,392.0
176,176,14002,1616072767.4,100.27613742383632,0.0,-86.7205288,36.1080143,392.0
177,177,14003,1616072767.5,100.2001374963638,-0.19,-86.7205112,36.1079933,392.0
178,178,14004,1616072767.6,100.20479251035384,-0.19,-86.7204935,36.1079725,391.6840899256756
179,179,14005,1616072767.7,100.13301487588494,-0.0210844129849334,-86.72047579999999,36.1079515,391.1827392236691
180,180,14006,1616072767.8,100.0654726184037,-0.39,-86.72045820000001,36.1079307,390.6813897169741
181,181,14007,1616072767.9,100.08,-0.39,-86.72044029999999,36.1079098,390.1800390149677
182,182,14008,1616072768.0,100.07133726718192,-0.1069497775643523,-86.7204225,36.107889,389.2289237612421
183,183,14009,1616072768.1,99.96707120834762,-0.1263429368029739,-86.7204047,36.107868200000006,388.0257925162978
184,184,14010,1616072768.2,100.0184624655807,0.0,-86.7203867,36.1078475,387.0
185,185,14011,1616072768.3,99.9709533825316,0.0,-86.7203685,36.1078267,387.0
186,186,14012,1616072768.4,99.90773567948536,-0.0197147123903878,-86.7203503,36.107806,387.0
187,187,14013,1616072768.5,99.86184405183442,0.0,-86.7203322,36.1077855,387.0
188,188,14014,1616072768.6,99.87010482218147,-0.1149631055502085,-86.720314,36.107765,387.0
189,189,14015,1616072768.7,99.82717539466942,-0.294429164456961,-86.72029570000001,36.1077443,387.0
190,190,14016,1616072768.8,99.80802419316554,0.0,-86.72027729999999,36.1077238,387.0
191,191,14017,1616072768.9,99.72010750383942,0.0,-86.720259,36.1077033,387.0
192,192,14018,1616072769.0,99.71403071176977,-0.0019982222222222,-86.7202407,36.1076828,387.0
193,193,14019,1616072769.1,99.7236862526169,0.0,-86.72022220000001,36.1076625,387.0
194,194,14020,1616072769.2,99.67821388452032,-0.2388565775548704,-86.7202038,36.1076422,387.0
195,195,14021,1616072769.3,99.64328486026554,0.0,-86.7201853,36.1076218,387.0
196,196,14022,1616072769.4,99.5903336166596,-0.0898281891729638,-86.7201668,36.1076015,387.0
197,197,14023,1616072769.5,99.6054319591918,-0.19,-86.72014820000001,36.1075813,387.0
198,198,14024,1616072769.6,99.5,-0.19,-86.7201297,36.1075612,387.0
199,199,14025,1616072769.7,99.49,-0.0012628998126206,-86.720111,36.107541,387.0
200,200,14026,1616072769.8,99.57146485587988,0.0,-86.7200922,36.1075208,387.0
201,201,14027,1616072769.9,99.54202453651725,-0.1437975778546713,-86.7200735,36.1075008,387.0
202,202,14028,1616072770.0,99.55105269944188,0.1203492380669492,-86.7200547,36.1074807,387.0
203,203,14029,1616072770.1,99.55,0.19,-86.7200358,36.1074607,387.0
204,204,14030,1616072770.2,99.55403420598606,0.0,-86.720017,36.1074407,387.0
205,205,14031,1616072770.3,99.69771434878992,0.0,-86.719998,36.107420700000006,387.0
206,206,14032,1616072770.4,99.73571269953948,0.0,-86.71997879999999,36.1074008,387.8157259250361
207,207,14033,1616072770.5,99.77742556602074,0.19,-86.71996,36.1073807,389.05667172201015
208,208,14034,1616072770.6,99.8395448543836,0.19,-86.71994079999999,36.1073608,390.29761751898417
209,209,14035,1616072770.7,99.86282298325445,0.1203137806200268,-86.7199217,36.1073408,391.5385662746064
210,210,14036,1616072770.8,99.89292557199302,0.39,-86.7199027,36.1073208,390.40559143480976
211,211,14037,1616072770.9,99.97240421212892,0.0,-86.7198835,36.1073008,387.8673634880445
212,212,14038,1616072771.0,100.059782699979,0.0,-86.7198642,36.107281,388.62529197355286
213,213,14039,1616072771.1,100.06753962672435,0.1989439252336448,-86.71984499999999,36.107261,391.0942933298171
214,214,14040,1616072771.2,100.12707080203448,0.3688535509897739,-86.7198257,36.1072412,390.7266702530923
215,215,14041,1616072771.3,100.17383686193013,0.2311583817377573,-86.71980649999999,36.107221200000005,388.7156348021377
216,216,14042,1616072771.4,100.24071759535366,0.19,-86.719787,36.1072013,387.0
217,217,14043,1616072771.5,100.35904068097553,0.2933164831196967,-86.7197677,36.10718129999999,387.0
218,218,14044,1616072771.6,100.41,0.2619581677786941,-86.71974820000001,36.1071615,387.0
219,219,14045,1616072771.7,100.48398911468588,0.4963182026146971,-86.7197287,36.1071417,387.0
220,220,14046,1616072771.8,100.62085743621712,0.2069687324471072,-86.71970920000001,36.1071218,388.6147450371625
221,221,14047,1616072771.9,100.65903118713182,0.39,-86.7196895,36.107102000000005,391.0810577194468
222,222,14048,1616072772.0,100.68612629319678,0.5369031336757049,-86.71966979999999,36.10708220000001,390.41035563438135
223,223,14049,1616072772.1,100.78829250457038,0.0708285535042122,-86.7196502,36.1070623,387.8766600137247
224,224,14050,1616072772.2,100.88637465738036,0.19,-86.71963029999999,36.1070425,388.6141784642037
225,225,14051,1616072772.3,100.9063721351304,0.2618389759627623,-86.7196107,36.1070227,391.0823342352383
226,226,14052,1616072772.4,100.9221021100667,0.3480993520518358,-86.7195907,36.107003000000006,390.40641628432735
227,227,14053,1616072772.5,101.0341563519722,0.1703714150531373,-86.7195708,36.1069832,387.86967119022535
228,228,14054,1616072772.6,101.0189416426513,0.0,-86.719551,36.1069633,387.0
229,229,14055,1616072772.7,101.04537374103984,0.19,-86.719531,36.1069437,387.0
230,230,14056,1616072772.8,101.11100329308452,0.0,-86.719511,36.1069238,387.4990414804621
231,231,14057,1616072772.9,101.1450570931817,0.0829268899662654,-86.719491,36.106904,390.7863089238718
232,232,14058,1616072773.0,101.12424807964284,0.2716724550087953,-86.7194708,36.1068843,392.0
233,233,14059,1616072773.1,101.20166844180356,0.1412535628252514,-86.71945079999999,36.1068645,392.0
234,234,14060,1616072773.2,101.27954776627274,0.1661245110217097,-86.7194307,36.1068448,391.67135265677217
235,235,14061,1616072773.3,101.23523312911696,0.0,-86.7194105,36.1068252,389.14658838089554
236,236,14062,1616072773.4,101.26362258516944,0.1612491137894363,-86.7193902,36.1068055,387.0
237,237,14063,1616072773.5,101.29670813431888,0.1327930615718561,-86.71937,36.106786,387.0
238,238,14064,1616072773.6,101.21022178893492,-0.1058834218222083,-86.71934949999999,36.1067663,387.0
239,239,14065,1616072773.7,101.23537972484388,0.0,-86.7193292,36.1067468,387.0
240,240,14066,1616072773.8,101.22777488265682,0.0,-86.7193088,36.10672720000001,387.0
241,241,14067,1616072773.9,101.2396869536862,0.0,-86.71928829999999,36.10670770000001,387.0
242,242,14068,1616072774.0,101.2195576910481,-0.1893130690948045,-86.7192678,36.1066882,387.0
243,243,14069,1616072774.1,101.19979847444976,0.0,-86.71924720000001,36.1066687,387.0
244,244,14070,1616072774.2,101.1819728803594,0.0,-86.7192267,36.1066492,387.0
245,245,14071,1616072774.3,101.18244762239463,-0.1124460624949622,-86.7192062,36.10662979999999,387.0
246,246,14072,1616072774.4,101.16,0.0,-86.7191855,36.10661029999999,387.0
247,247,14073,1616072774.5,101.1687026454051,0.0,-86.71916479999999,36.106591,387.0
248,248,14074,1616072774.6,101.21868226995832,0.0,-86.7191442,36.1065717,387.0
249,249,14075,1616072774.7,101.18885728261974,0.0,-86.7191233,36.1065525,387.0
250,250,14076,1616072774.8,101.10996552038677,0.0,-86.7191025,36.10653320000001,387.0
251,251,14077,1616072774.9,101.13479115749004,0.0,-86.7190817,36.106514,387.0
252,252,14078,1616072775.0,101.14945299657612,0.0,-86.7190608,36.1064948,386.8990078344004
253,253,14079,1616072775.1,101.13693719975704,-0.0961818025109891,-86.71903979999999,36.1064757,386.2286727547619
254,254,14080,1616072775.2,101.11578210284402,-0.1190703309257075,-86.71901899999999,36.1064565,386.3291107281642
255,255,14081,1616072775.3,101.0622139983019,0.1514430806302829,-86.718998,36.1064373,386.82861828276486
256,256,14082,1616072775.4,101.08659134588984,0.0,-86.718977,36.1064183,387.0
257,257,14083,1616072775.5,101.0306646915468,-0.1769862546349083,-86.71895579999999,36.10639929999999,387.0
258,258,14084,1616072775.6,101.0074497331286,-0.0322759411608598,-86.7189347,36.1063803,387.0
259,259,14085,1616072775.7,100.99407630788852,0.0,-86.7189137,36.1063615,387.0
260,260,14086,1616072775.8,100.98655941620368,0.0,-86.7188923,36.1063425,387.0
261,261,14087,1616072775.9,100.92235031122048,-0.19,-86.71887120000001,36.1063237,387.0
262,262,14088,1616072776.0,100.87512545689395,0.0,-86.7188498,36.1063048,387.0
263,263,14089,1616072776.1,100.94771707552512,0.0,-86.7188285,36.106286,387.0
264,264,14090,1616072776.2,100.89966107930584,-0.3882558408085212,-86.7188072,36.10626729999999,387.0
265,265,14091,1616072776.3,100.87695135450043,0.0,-86.7187858,36.1062487,387.0
266,266,14092,1616072776.4,100.87643191352048,0.0,-86.71876429999999,36.10623,387.0
267,267,14093,1616072776.5,100.87414460009036,0.0,-86.718743,36.1062112,387.0
268,268,14094,1616072776.6,100.83,-0.1039045077758216,-86.7187215,36.1061927,387.0
269,269,14095,1616072776.7,100.80614949637744,0.0,-86.7187,36.106174,387.0
270,270,14096,1616072776.8,100.88771358998356,0.0,-86.7186783,36.1061555,387.0
271,271,14097,1616072776.9,100.78966114190536,0.0,-86.7186567,36.106137,387.0
272,272,14098,1616072777.0,100.7751233658876,0.0,-86.71863520000001,36.1061185,387.0
273,273,14099,1616072777.1,100.81580365736284,-0.0409399238058024,-86.7186135,36.1061,387.0
274,274,14100,1616072777.2,100.80216431653886,0.0,-86.7185917,36.1060815,387.0
275,275,14101,1616072777.3,100.75874419119276,0.0,-86.71857,36.1060632,387.0
276,276,14102,1616072777.4,100.7788301697847,0.0,-86.7185482,36.106044700000005,388.3006757233078
277,277,14103,1616072777.5,100.86732374180036,0.1493292894280762,-86.7185263,36.1060263,390.2718721831155
278,278,14104,1616072777.6,100.8409552745388,0.0,-86.71850429999999,36.106008200000005,392.0
279,279,14105,1616072777.7,100.78749325873612,0.0,-86.7184825,36.1059898,392.0
280,280,14106,1616072777.8,100.81234737150936,0.0,-86.71846049999999,36.1059715,391.6799180397107
281,281,14107,1616072777.9,100.82432419454628,0.0,-86.7184385,36.1059533,389.1492432671167
282,282,14108,1616072778.0,100.82633582609168,0.0,-86.7184165,36.105935200000005,387.0
283,283,14109,1616072778.1,100.8129180524508,0.0,-86.7183943,36.105917,387.0
284,284,14110,1616072778.2,100.84899976426642,0.0,-86.7183723,36.105899,387.0
285,285,14111,1616072778.3,100.82965066379356,0.0,-86.7183502,36.1058808,387.0
286,286,14112,1616072778.4,100.8225286516854,0.0,-86.718328,36.1058628,387.0
287,287,14113,1616072778.5,100.78659660979189,-0.0344302458232133,-86.7183058,36.105844700000006,387.0
288,288,14114,1616072778.6,100.8055112741078,0.0,-86.7182835,36.10582670000001,388.3014203239349
289,289,14115,1616072778.7,100.82975811584978,0.0,-86.7182613,36.1058087,390.277169489226
290,290,14116,1616072778.8,100.77481802189388,0.0,-86.718239,36.1057907,392.0
291,291,14117,1616072778.9,100.83520999737672,0.0,-86.7182167,36.1057727,392.0
292,292,14118,1616072779.0,100.87991051992924,0.1574647615724373,-86.7181942,36.10575479999999,392.0
293,293,14119,1616072779.1,100.800273095624,0.1842282572902565,-86.7181718,36.1057368,392.0
294,294,14120,1616072779.2,100.8552438173573,0.0,-86.71814930000001,36.105719,392.0
295,295,14121,1616072779.3,100.89297035896448,0.0,-86.7181268,36.105701200000006,392.0
296,296,14122,1616072779.4,100.85335836171208,0.0,-86.7181043,36.10568320000001,392.0
297,297,14123,1616072779.5,100.81417054688214,0.0,-86.7180818,36.1056655,392.0
298,298,14124,1616072779.6,100.84962929379648,0.0,-86.7180593,36.1056477,390.4000676851673
299,299,14125,1616072779.7,100.94708941351844,0.0,-86.71803670000001,36.1056298,387.8653125604332
300,300,14126,1616072779.8,100.93,0.1778666027667437,-86.718014,36.1056122,387.0
301,301,14127,1616072779.9,100.88753662978009,0.0,-86.71799150000001,36.1055945,387.0
302,302,14128,1616072780.0,100.97054565426336,0.1508366071591718,-86.7179687,36.1055768,387.0
303,303,14129,1616072780.1,101.00645291358472,0.0,-86.717946,36.1055592,387.0
304,304,14130,1616072780.2,100.9663018297801,0.0932105687481676,-86.7179232,36.1055415,387.0
305,305,14131,1616072780.3,100.94520609435826,0.0,-86.7179003,36.10552379999999,387.0
306,306,14132,1616072780.4,101.03837448347592,0.0406507972979183,-86.7178775,36.1055063,387.0
307,307,14133,1616072780.5,101.04113364247976,0.0,-86.7178547,36.1054888,387.0
308,308,14134,1616072780.6,101.12790161858108,0.0,-86.7178317,36.1054713,387.0
309,309,14135,1616072780.7,101.24552833596748,0.3495928611266035,-86.7178087,36.10545379999999,387.0
310,310,14136,1616072780.8,101.35,0.1280827643736002,-86.71778570000001,36.1054363,387.0
311,311,14137,1616072780.9,101.46894302940817,0.58,-86.7177627,36.1054188,387.0
312,312,14138,1616072781.0,101.59174976980384,0.6625244238188632,-86.71773950000001,36.1054013,387.0
313,313,14139,1616072781.1,101.80242585587742,0.58,-86.71771629999999,36.1053838,387.0
314,314,14140,1616072781.2,101.96728951742452,0.7520535075325248,-86.71769300000001,36.1053665,387.0
315,315,14141,1616072781.3,102.08502531063046,0.7828313169239327,-86.7176697,36.105349,387.0
316,316,14142,1616072781.4,102.2432902391726,0.9443672044804792,-86.7176463,36.1053315,387.0
317,317,14143,1616072781.5,102.43070127377258,0.838392523364486,-86.7176228,36.105314,387.0
318,318,14144,1616072781.6,102.58777406608864,0.8678144853875477,-86.7175993,36.1052965,388.60902146859695
319,319,14145,1616072781.7,102.72392043663484,0.58,-86.71757579999999,36.105279,391.0757634925639
320,320,14146,1616072781.8,102.9,0.78,-86.717552,36.1052615,390.4139660101882
321,321,14147,1616072781.9,102.97938871860562,0.58,-86.7175283,36.1052442,387.8776045068188
322,322,14148,1616072782.0,103.17700827933766,0.3957030804206255,-86.7175045,36.1052267,387.0
323,323,14149,1616072782.1,103.32689230655478,0.7624558509517133,-86.71748050000001,36.1052092,387.0
324,324,14150,1616072782.2,103.45897462425462,0.98,-86.7174567,36.10519179999999,387.0
325,325,14151,1616072782.3,103.55663519742323,0.6603268853174314,-86.7174325,36.1051745,387.0
326,326,14152,1616072782.4,103.72345474404028,0.4822216167120799,-86.7174083,36.105157,387.0
327,327,14153,1616072782.5,103.92467385814273,0.98,-86.71738420000001,36.1051397,387.0
328,328,14154,1616072782.6,104.01093374773,0.58,-86.7173598,36.1051225,387.0
329,329,14155,1616072782.7,104.12131379377234,0.58,-86.7173355,36.1051052,387.0
330,330,14156,1616072782.8,104.28723294936604,0.9619716961153516,-86.7173108,36.1050878,387.0
331,331,14157,1616072782.9,104.38,0.58,-86.7172863,36.105070700000006,387.0
332,332,14158,1616072783.0,104.5162301859508,0.654592416193442,-86.71726170000001,36.1050533,387.0
333,333,14159,1616072783.1,104.65594084295624,0.58,-86.717237,36.1050362,387.0
334,334,14160,1616072783.2,104.80734386022031,0.5098569148743245,-86.71721219999999,36.105019,387.0
335,335,14161,1616072783.3,105.08687211023592,0.6224040066777963,-86.7171873,36.105002,387.0
336,336,14162,1616072783.4,105.2531477083504,1.006219929420005,-86.7171623,36.1049847,387.0
337,337,14163,1616072783.5,105.41876816441275,1.17,-86.7171373,36.1049677,387.0
338,338,14164,1616072783.6,105.61879684843906,1.207032514415855,-86.7171122,36.1049505,387.0
339,339,14165,1616072783.7,105.8133504807342,1.0988503366131537,-86.717087,36.1049333,387.0
340,340,14166,1616072783.8,106.02715427307233,0.7701874109523983,-86.7170617,36.10491629999999,387.0
341,341,14167,1616072783.9,106.17744590581248,0.78,-86.7170363,36.104899200000006,387.0
342,342,14168,1616072784.0,106.4248097381718,1.029166628604836,-86.7170108,36.104882,387.0
343,343,14169,1616072784.1,106.56640293570584,1.1499041289206535,-86.7169853,36.1048648,387.0
344,344,14170,1616072784.2,106.72,0.98,-86.7169598,36.1048475,387.0
345,345,14171,1616072784.3,106.927039207016,0.9465095287690256,-86.71693420000001,36.1048303,387.0
346,346,14172,1616072784.4,106.98444527791668,0.78,-86.7169087,36.1048132,387.0
347,347,14173,1616072784.5,107.0959784228194,0.39,-86.7168828,36.104796,387.0
348,348,14174,1616072784.6,107.23479463552596,0.351063122923588,-86.71685699999999,36.1047787,387.0
349,349,14175,1616072784.7,107.34389691175484,0.58,-86.7168312,36.104761700000005,387.0
350,350,14176,1616072784.8,107.5183396226415,0.4437051609051934,-86.71680529999999,36.1047443,387.0
351,351,14177,1616072784.9,107.63769749047044,0.39,-86.7167793,36.104727200000006,387.0
352,352,14178,1616072785.0,107.71369675244472,0.78,-86.7167533,36.1047102,387.0
353,353,14179,1616072785.1,107.80437033850995,0.58,-86.7167272,36.104693,387.0
354,354,14180,1616072785.2,107.86189763297944,0.58,-86.7167012,36.1046758,387.4732861539236
355,355,14181,1616072785.3,107.93986970713657,0.2996937083041539,-86.7166748,36.10465870000001,390.7728292541709
356,356,14182,1616072785.4,108.08959724581136,0.0591758331023805,-86.71664870000001,36.1046415,392.0
357,357,14183,1616072785.5,108.0312499321672,0.3547417734123931,-86.7166223,36.1046245,392.0
358,358,14184,1616072785.6,108.09327368152496,0.3843919145124368,-86.716596,36.1046075,392.0
359,359,14185,1616072785.7,108.14581335537795,0.170934212398615,-86.71656949999999,36.1045903,392.0
360,360,14186,1616072785.8,108.12455388516572,0.0,-86.716543,36.1045735,392.0
361,361,14187,1616072785.9,108.12119038643657,0.0,-86.7165165,36.1045565,392.0
362,362,14188,1616072786.0,108.13433462205522,0.0,-86.71649000000001,36.1045395,391.6793018505167
363,363,14189,1616072786.1,108.17,-0.0569567077423854,-86.7164635,36.1045225,389.1592946407114
364,364,14190,1616072786.2,108.23016110232663,0.0333389619703861,-86.7164368,36.1045055,387.0
365,365,14191,1616072786.3,108.21396422340986,0.19,-86.7164103,36.104488700000005,387.0
366,366,14192,1616072786.4,108.2257254375914,0.0238677888604141,-86.71638370000001,36.1044718,387.0
367,367,14193,1616072786.5,108.2979645927234,0.0,-86.71635699999999,36.104455,387.0
368,368,14194,1616072786.6,108.28,0.0,-86.7163302,36.1044382,387.0
369,369,14195,1616072786.7,108.32,0.0981318681318681,-86.71630350000001,36.1044215,387.0
370,370,14196,1616072786.8,108.3805739769054,0.19,-86.71627679999999,36.1044045,387.0
371,371,14197,1616072786.9,108.34158014538512,0.15486793107225,-86.71625,36.1043878,387.0
372,372,14198,1616072787.0,108.42773070904738,0.0131544623554634,-86.7162233,36.1043708,387.0
373,373,14199,1616072787.1,108.41255655474126,0.1678252335784575,-86.7161965,36.1043542,387.0
374,374,14200,1616072787.2,108.48,0.0477190211669026,-86.71616970000001,36.1043373,387.0
375,375,14201,1616072787.3,108.54533837068554,0.1138795053741947,-86.716143,36.1043205,387.0
376,376,14202,1616072787.4,108.52,0.0,-86.7161162,36.1043037,387.0
377,377,14203,1616072787.5,108.55,0.0,-86.7160893,36.1042868,387.0
378,378,14204,1616072787.6,108.51961927357992,0.0,-86.7160625,36.10427,387.0
379,379,14205,1616072787.7,108.5950075335242,0.0098882340423563,-86.7160357,36.1042532,387.0
380,380,14206,1616072787.8,108.68096419849871,0.19,-86.716009,36.1042363,387.0
381,381,14207,1616072787.9,108.62827097253157,0.0,-86.7159822,36.1042195,387.0
382,382,14208,1616072788.0,108.65616508606874,0.0,-86.71595529999999,36.1042027,387.0
383,383,14209,1616072788.1,108.68409985732087,0.0,-86.7159285,36.1041858,387.0
384,384,14210,1616072788.2,108.65783821200742,0.0,-86.7159018,36.1041688,387.0
385,385,14211,1616072788.3,108.65101284855112,0.0,-86.7158752,36.1041518,387.0
386,386,14212,1616072788.4,108.76064083344404,0.1768511579004124,-86.7158483,36.1041348,387.1778251975671
387,387,14213,1616072788.5,108.74499894872524,0.19,-86.7158217,36.1041178,388.4205601329282
388,388,14214,1616072788.6,108.76511401630756,0.0,-86.7157952,36.1041007,389.6632950682893
389,389,14215,1616072788.7,108.78,0.0688924838680359,-86.71576850000001,36.1040837,390.9060329665641
390,390,14216,1616072788.8,108.80988960035327,0.0,-86.71574179999999,36.1040665,392.0
391,391,14217,1616072788.9,108.8732519434298,0.0,-86.7157153,36.10404929999999,392.0
392,392,14218,1616072789.0,108.8506066888037,0.1509849720194196,-86.7156888,36.104032,392.0
393,393,14219,1616072789.1,108.93093012511667,0.0130706595249688,-86.7156623,36.1040148,392.0
394,394,14220,1616072789.2,108.98735136853126,0.19,-86.7156358,36.1039975,392.0
395,395,14221,1616072789.3,109.00360847440597,0.19,-86.7156095,36.1039802,392.0
396,396,14222,1616072789.4,109.02508820108272,0.0,-86.71558320000001,36.1039625,392.0
397,397,14223,1616072789.5,109.1133184618653,0.091851881843784,-86.71555670000001,36.103945,392.0
398,398,14224,1616072789.6,109.20661265316797,0.0,-86.7155303,36.103927500000005,392.0
399,399,14225,1616072789.7,109.27630955409384,0.19,-86.7155042,36.10391,392.0
400,400,14226,1616072789.8,109.29659738570471,0.3710278840896664,-86.715478,36.1038923,392.0
401,401,14227,1616072789.9,109.26307343026188,0.19,-86.7154518,36.1038745,392.0
402,402,14228,1616072790.0,109.29340446668384,0.0,-86.7154257,36.1038567,392.0
403,403,14229,1616072790.1,109.28031512073538,0.0,-86.71539969999999,36.1038387,392.0
404,404,14230,1616072790.2,109.39594098810612,0.19,-86.7153735,36.1038208,390.4075604927594
405,405,14231,1616072790.3,109.4244650211398,0.0,-86.71534770000001,36.1038028,387.8744922449207
406,406,14232,1616072790.4,109.48520802993714,0.39,-86.7153217,36.1037848,387.0
407,407,14233,1616072790.5,109.4973454644266,0.1647508420259462,-86.7152957,36.1037668,387.0
408,408,14234,1616072790.6,109.55418703816753,0.19,-86.71526970000001,36.1037487,387.0
409,409,14235,1616072790.7,109.65929362255496,0.3545522751632076,-86.7152437,36.1037307,387.0
410,410,14236,1616072790.8,109.69,0.3258896854024931,-86.71521779999999,36.1037125,387.0
411,411,14237,1616072790.9,109.73111974115982,0.19,-86.715192,36.1036943,387.0
412,412,14238,1616072791.0,109.76152503884308,0.1193055530193744,-86.715166,36.1036762,387.0
413,413,14239,1616072791.1,109.80185547776762,0.19,-86.7151402,36.1036578,387.0
414,414,14240,1616072791.2,109.87830574676728,0.0216449728986945,-86.7151143,36.1036395,388.2960293496353
415,415,14241,1616072791.3,109.9391645368422,0.19,-86.71508850000001,36.103621,390.2693105677318
416,416,14242,1616072791.4,110.01799962564344,0.39,-86.7150628,36.1036027,391.6886555037906
417,417,14243,1616072791.5,110.0419827041867,0.19,-86.715037,36.1035842,389.1561776206313
418,418,14244,1616072791.6,110.08222601699364,0.19,-86.7150113,36.1035657,387.0
419,419,14245,1616072791.7,110.11034957617755,0.19,-86.71498570000001,36.1035472,387.0
420,420,14246,1616072791.8,110.24619512015605,0.1416845641229944,-86.71495999999999,36.1035287,387.0
421,421,14247,1616072791.9,110.270512616376,0.39,-86.7149343,36.10351,387.0
422,422,14248,1616072792.0,110.37734423973704,0.3882029370747185,-86.71490870000001,36.1034913,387.0
423,423,14249,1616072792.1,110.42742244772332,0.2260112512476182,-86.714883,36.1034725,387.0
424,424,14250,1616072792.2,110.50496380094816,0.39,-86.7148575,36.1034537,387.0
425,425,14251,1616072792.3,110.6357203158546,0.39,-86.7148318,36.1034348,387.0
426,426,14252,1616072792.4,110.70755460342583,0.39,-86.71480629999999,36.103416,387.0
427,427,14253,1616072792.5,110.79485715070348,0.39,-86.7147808,36.103397,387.0
428,428,14254,1616072792.6,110.91231510549756,0.4092690497080161,-86.7147553,36.103378,387.0
429,429,14255,1616072792.7,110.96181849529496,0.3910548070463536,-86.7147298,36.1033592,387.0
430,430,14256,1616072792.8,111.05,0.39,-86.7147043,36.10334,387.0
431,431,14257,1616072792.9,111.12628352915095,0.2534566705352329,-86.71467879999999,36.103321,387.0
432,432,14258,1616072793.0,111.19703488101337,0.2929348817300355,-86.7146533,36.103302,387.0
433,433,14259,1616072793.1,111.26001100473204,0.19,-86.71462779999999,36.1032828,387.0
434,434,14260,1616072793.2,111.3051307040714,0.2410185909716413,-86.7146025,36.10326370000001,387.0
435,435,14261,1616072793.3,111.4148887220901,0.3718885865780163,-86.7145772,36.1032443,387.0
436,436,14262,1616072793.4,111.4426485537719,0.19,-86.7145517,36.1032252,387.0
437,437,14263,1616072793.5,111.51311206763434,0.0335727711267279,-86.71452629999999,36.1032058,387.0
438,438,14264,1616072793.6,111.52647338902038,0.0,-86.7145012,36.1031863,388.2850109192354
439,439,14265,1616072793.7,111.58628639401836,0.0,-86.71447579999999,36.103167,390.26420963421975
440,440,14266,1616072793.8,111.59181871452115,0.2642093575312045,-86.7144507,36.1031473,392.0
441,441,14267,1616072793.9,111.64736295868455,0.3391278693376246,-86.7144255,36.1031278,392.0
442,442,14268,1616072794.0,111.6393940618428,0.0,-86.7144005,36.10310820000001,392.0
443,443,14269,1616072794.1,111.6053422231859,0.0,-86.7143755,36.1030885,392.0
444,444,14270,1616072794.2,111.67706911321746,0.0343163769819548,-86.7143503,36.1030688,392.0
445,445,14271,1616072794.3,111.6889891195026,0.0,-86.7143253,36.103049,392.0
446,446,14272,1616072794.4,111.7678838250912,0.0,-86.7143003,36.1030293,392.0
447,447,14273,1616072794.5,111.83574664582046,0.19,-86.7142755,36.1030095,392.0
448,448,14274,1616072794.6,111.84199936677372,0.19,-86.7142507,36.10298970000001,392.0
449,449,14275,1616072794.7,111.88891602838213,0.0248881061493208,-86.7142257,36.1029697,392.0
450,450,14276,1616072794.8,111.87381780179916,0.0,-86.71420079999999,36.1029497,392.0
451,451,14277,1616072794.9,111.88646291560102,0.0,-86.7141762,36.1029297,392.0
452,452,14278,1616072795.0,111.87491926737108,0.0,-86.7141513,36.1029097,392.0
453,453,14279,1616072795.1,111.92720600343668,0.0,-86.7141267,36.1028895,392.0
454,454,14280,1616072795.2,111.96906355415202,0.19,-86.714102,36.1028693,392.0
455,455,14281,1616072795.3,111.95274569109507,0.0,-86.7140773,36.1028492,392.0
456,456,14282,1616072795.4,111.94810777232816,0.0,-86.71405279999999,36.102829,392.0
457,457,14283,1616072795.5,111.91784149513737,0.0,-86.7140283,36.1028087,392.0
458,458,14284,1616072795.6,111.8937587860709,0.0,-86.7140038,36.1027885,392.0
459,459,14285,1616072795.7,111.8722833695831,-0.39,-86.71397929999999,36.1027682,392.0
460,460,14286,1616072795.8,111.8388759855301,0.0,-86.7139548,36.102748,392.0
461,461,14287,1616072795.9,111.89,0.0,-86.7139305,36.1027275,392.0
462,462,14288,1616072796.0,111.87782121734058,0.0,-86.7139062,36.102707200000005,392.0
463,463,14289,1616072796.1,111.79285424599716,-0.019783140958377,-86.713882,36.1026868,392.0
464,464,14290,1616072796.2,111.72,-0.19,-86.7138578,36.1026663,392.0
465,465,14291,1616072796.3,111.7263527390935,-0.19,-86.71383370000001,36.1026458,392.0
466,466,14292,1616072796.4,111.734558124977,0.0,-86.7138095,36.102625200000006,392.0
467,467,14293,1616072796.5,111.7067733749756,-0.0917766562790141,-86.7137855,36.1026047,392.0
468,468,14294,1616072796.6,111.66658622998382,-0.3163759645678279,-86.7137617,36.102584,392.0
469,469,14295,1616072796.7,111.6076338977041,-0.19,-86.7137377,36.1025633,392.0
470,470,14296,1616072796.8,111.54551755291688,0.0,-86.713714,36.1025427,392.0
471,471,14297,1616072796.9,111.53753711814709,0.0,-86.7136902,36.102522,392.0
472,472,14298,1616072797.0,111.47702884118904,-0.19,-86.7136665,36.102501200000006,392.0
473,473,14299,1616072797.1,111.46,-0.1157738053775424,-86.7136428,36.1024803,392.0
474,474,14300,1616072797.2,111.4029757355062,-0.19,-86.71361929999999,36.1024595,392.0
475,475,14301,1616072797.3,111.31667728611384,-0.19,-86.7135958,36.10243870000001,392.0
476,476,14302,1616072797.4,111.269723741489,-0.39,-86.7135723,36.1024178,392.0
477,477,14303,1616072797.5,111.20950963859406,-0.19,-86.7135488,36.102397,392.0
478,478,14304,1616072797.6,111.17417235000654,-0.19,-86.7135253,36.1023762,392.0
479,479,14305,1616072797.7,111.17795208350532,0.0,-86.713502,36.10235529999999,392.0
480,480,14306,1616072797.8,111.14558983548712,0.0,-86.7134787,36.1023343,392.0
481,481,14307,1616072797.9,111.09293749831308,-0.19,-86.71345529999999,36.1023135,392.0
482,482,14308,1616072798.0,111.0365841734288,-0.19,-86.7134322,36.1022925,390.7396913144783
483,483,14309,1616072798.1,110.99012537463469,0.0,-86.713409,36.1022713,388.7213592018101
484,484,14310,1616072798.2,110.93827567469664,-0.19,-86.7133858,36.1022503,387.0
485,485,14311,1616072798.3,110.8860624827713,-0.19,-86.7133628,36.1022293,387.0
486,486,14312,1616072798.4,110.9136141111301,0.0,-86.71333979999999,36.10220820000001,387.0
487,487,14313,1616072798.5,110.87407811332244,-0.0697411389513143,-86.713317,36.102187,387.0
488,488,14314,1616072798.6,110.84678063688706,0.0,-86.7132942,36.1021658,387.0
489,489,14315,1616072798.7,110.84970373177788,0.0,-86.7132713,36.1021447,387.0
490,490,14316,1616072798.8,110.83925789099035,0.0,-86.71324849999999,36.1021233,387.0
491,491,14317,1616072798.9,110.81438547992389,-0.1767804682225425,-86.71322579999999,36.1021022,387.0
492,492,14318,1616072799.0,110.67663238962062,-0.19,-86.7132032,36.1020808,388.614604746008
493,493,14319,1616072799.1,110.65297080938068,-0.39,-86.71318070000001,36.1020597,391.0779971479786
494,494,14320,1616072799.2,110.59422520028866,-0.19,-86.71315820000001,36.1020383,390.738233105191
495,495,14321,1616072799.3,110.48305214200002,-0.2862338976071329,-86.7131358,36.102017,388.7217310869101
496,496,14322,1616072799.4,110.49276089558607,-0.19,-86.71311329999999,36.1019957,387.0
497,497,14323,1616072799.5,110.46987710286017,0.0,-86.713091,36.1019743,387.0
498,498,14324,1616072799.6,110.443150354452,0.0,-86.7130688,36.1019528,387.0
499,499,14325,1616072799.7,110.4500927195918,0.0,-86.7130467,36.1019313,387.0
500,500,14326,1616072799.8,110.42112983330624,0.0,-86.7130245,36.1019098,387.0
