,LongitudeGPS,LatitudeGPS,TrackID,Velocity,Acceleration,Type
0,117.312346,38.994714,0,0.0,0.0,0
1,117.31232075,38.99471535,0,1.093645524829433,0.5468227624147165,0
2,117.3122955,38.9947167,0,1.0936455040405102,-1.03944614e-08,0
3,117.31227025000001,38.99471805,0,1.0936454833001301,-1.037019e-08,0
4,117.312245,38.9947194,0,1.093645463632354,-9.833888e-09,0
5,117.31221975,38.99472075,0,1.0936454417465529,-1.09429006e-08,0
6,117.3121945,38.994722100000004,0,1.0936454221030472,-9.8217529e-09,0
7,117.31216925000001,38.99472345,0,1.0936454002172453,-1.09429009e-08,0
8,117.312144,38.9947248,0,1.0936453794768621,-1.03701916e-08,0
9,117.31211875,38.99472615,0,1.0936453597848113,-9.8460254e-09,0
10,117.3120935,38.994727499999996,0,1.093645337923279,-1.09307662e-08,0
11,117.31206825000001,38.99472885,0,1.0936453172071656,-1.03580566e-08,0
12,117.312043,38.9947302,0,1.093645297490841,-9.8581623e-09,0
13,117.31201775,38.99473155,0,1.0936452756293071,-1.0930767e-08,0
14,117.3119925,38.9947329,0,1.0936452548889206,-1.03701933e-08,0
15,117.31196725000001,38.99473425,0,1.0936452341242615,-1.03823296e-08,0
16,117.311942,38.9947356,0,1.0936452144322062,-9.8460277e-09,0
17,117.31191675,38.99473695,0,1.09364519257067,-1.09307681e-08,0
18,117.3118915,38.994738299999995,0,1.093645172902885,-9.8338925e-09,0
19,117.31186625000001,38.99473965,0,1.0936451510898908,-1.09064971e-08,0
20,117.311841,38.994741,0,1.0936451302766856,-1.04066026e-08,0
21,117.3117874,38.9947392,0,2.318246863334051,0.6123008665286828,0
22,117.3117338,38.9947374,0,2.318246923288009,2.99769789e-08,0
23,117.3116802,38.9947356,0,2.3182469810450774,2.88785342e-08,0
24,117.3116266,38.9947338,0,2.3182470399005872,2.94277549e-08,0
25,117.311573,38.994732,0,2.318247099854538,2.99769753e-08,0
26,117.3115194,38.9947302,0,2.3182471576115993,2.88785307e-08,0
27,117.3114658,38.9947284,0,2.3182472164671024,2.94277516e-08,0
28,117.31141219999999,38.9947266,0,2.3182472764210464,2.9976972e-08,0
29,117.31135859999999,38.9947248,0,2.318247334178101,2.88785273e-08,0
30,117.311305,38.994723,0,2.3182473930335967,2.94277478e-08,0
31,117.3112514,38.9947212,0,2.3182474518890905,2.94277469e-08,0
32,117.3111978,38.9947194,0,2.318247510744582,2.94277458e-08,0
33,117.3111442,38.9947176,0,2.318247570698514,2.9976966e-08,0
34,117.3110906,38.9947158,0,2.3182476284555578,2.88785218e-08,0
35,117.311037,38.994714,0,2.3182476873263096,2.94353759e-08,0
36,117.3109834,38.9947122,0,2.318247747264969,2.99693297e-08,0
37,117.3109298,38.9947104,0,2.318247805022005,2.8878518e-08,0
38,117.3108762,38.9947086,0,2.3182478638774824,2.94277387e-08,0
39,117.3108226,38.9947068,0,2.318247923831402,2.99769598e-08,0
40,117.310769,38.994705,0,2.3182479815884314,2.88785147e-08,0
41,117.31066489999999,38.9947066,0,4.499100556500079,1.090426287455824,0
42,117.31056079999999,38.994708200000005,0,4.499100454825933,-5.08370732e-08,0
43,117.31045669999999,38.9947098,0,4.499100353137798,-5.08440672e-08,0
44,117.3103526,38.9947114,0,4.499100250357398,-5.13902001e-08,0
45,117.3102485,38.994713000000004,0,4.499100149789489,-5.02839548e-08,0
46,117.3101444,38.9947146,0,4.499100048094349,-5.08475697e-08,0
47,117.3100403,38.9947162,0,4.499099946406201,-5.08440743e-08,0
48,117.3099362,38.994717800000004,0,4.499099844746019,-5.08300908e-08,0
49,117.3098321,38.9947194,0,4.499099743050869,-5.0847575e-08,0
50,117.309728,38.994721,0,4.499099641369702,-5.08405833e-08,0
51,117.3096239,38.9947226,0,4.499099539695526,-5.08370883e-08,0
52,117.3095198,38.9947242,0,4.4990994380073595,-5.08440832e-08,0
53,117.3094157,38.994725800000005,0,4.499099336333173,-5.08370932e-08,0
54,117.3093116,38.9947274,0,4.499099234645,-5.08440867e-08,0
55,117.3092075,38.994729,0,4.499099132963815,-5.08405922e-08,0
56,117.3091034,38.994730600000004,0,4.499099030190367,-5.13867242e-08,0
57,117.30899930000001,38.9947322,0,4.499098929601436,-5.02944655e-08,0
58,117.30889520000001,38.9947338,0,4.499098827920241,-5.08405975e-08,0
59,117.30879110000001,38.9947354,0,4.499098726246036,-5.08371025e-08,0
60,117.308687,38.994737,0,4.49909862455784,-5.08440978e-08,0
61,117.3086018,38.99473275,0,3.6891146238645174,-0.4049920003466614,0
62,117.3085166,38.9947285,0,3.689114844485141,1.103103118e-07,0
63,117.3084314,38.994724250000004,0,3.689115065105744,1.103103016e-07,0
64,117.3083462,38.99472,0,3.6891152857942844,1.103442702e-07,0
65,117.308261,38.99471575,0,3.6891155064375,1.103216078e-07,0
66,117.3081758,38.9947115,0,3.689115727058043,1.103102714e-07,0
67,117.3080906,38.994707250000005,0,3.689115947701218,1.103215876e-07,0
68,117.3080054,38.994703,0,3.689116168367025,1.103329035e-07,0
69,117.3079202,38.99469875,0,3.6891163890101604,1.103215677e-07,0
70,117.30783500000001,38.9946945,0,3.6891166085107585,1.097502991e-07,0
71,117.30774980000001,38.99469025,0,3.689116830296369,1.108928052e-07,0
72,117.30766460000001,38.994686,0,3.6891170509167908,1.10310211e-07,0
73,117.30757940000001,38.99468175,0,3.6891172715824974,1.103328533e-07,0
74,117.30749420000001,38.9946775,0,3.6891174922028798,1.103101912e-07,0
75,117.307409,38.994673250000005,0,3.6891177128458934,1.103215068e-07,0
76,117.3073238,38.994669,0,3.6891179335115387,1.103328227e-07,0
77,117.3072386,38.99466475,0,3.68911815413186,1.103101606e-07,0
78,117.3071534,38.9946605,0,3.6891183747748135,1.103214768e-07,0
79,117.3070682,38.994656250000006,0,3.6891185954177472,1.103214669e-07,0
80,117.306983,38.994652,0,3.6891188160833117,1.103327822e-07,0
81,117.30691245,38.99465635,0,3.0580867441459,-0.3155160359687059,0
82,117.3068419,38.994660700000004,0,3.058086557401354,-9.3372273e-08,0
83,117.30677135,38.99466505,0,3.058086369448887,-9.39762335e-08,0
84,117.3067008,38.9946694,0,3.0580861837443933,-9.28522468e-08,0
85,117.30663025,38.994673750000004,0,3.058085995903769,-9.39203122e-08,0
86,117.30655970000001,38.9946781,0,3.0580858101433006,-9.28802342e-08,0
87,117.30648915,38.99468245,0,3.0580856222467037,-9.39482985e-08,0
88,117.3064186,38.994686800000004,0,3.058085436598078,-9.28243129e-08,0
89,117.30634805,38.99469115,0,3.058085249741532,-9.34282729e-08,0
90,117.3062775,38.994695500000006,0,3.05808506190082,-9.39203559e-08,0
91,117.30620695,38.99469985,0,3.058084876140265,-9.28802777e-08,0
92,117.3061364,38.9947042,0,3.0580846882435804,-9.39483422e-08,0
93,117.30606585,38.994708550000006,0,3.0580845025948675,-9.28243564e-08,0
94,117.3059953,38.9947129,0,3.0580843146422088,-9.39763294e-08,0
95,117.30592475,38.99471725,0,3.058084128937523,-9.28523429e-08,0
96,117.3058542,38.994721600000005,0,3.058083942192732,-9.33723954e-08,0
97,117.30578365,38.99472595,0,3.058083754240022,-9.39763551e-08,0
98,117.30571309999999,38.9947303,0,3.0580835685352823,-9.28523698e-08,0
99,117.30564255,38.994734650000005,0,3.0580833806944154,-9.39204334e-08,0
100,117.305572,38.994739,0,3.058083194933702,-9.28803567e-08,0
101,117.30553335,38.994736200000006,0,1.6773276767872554,-0.6903777590732233,0
102,117.3054947,38.9947334,0,1.6773277415189871,3.23658659e-08,0
103,117.30545605,38.994730600000004,0,1.677327808374514,3.34277634e-08,0
104,117.3054174,38.9947278,0,1.677327874200961,3.29132235e-08,0
105,117.30537875,38.994725,0,1.677327938867034,3.23330365e-08,0
106,117.3053401,38.994722200000005,0,1.6773280057553726,3.34441693e-08,0
107,117.30530145,38.9947194,0,1.677328070487084,3.23658558e-08,0
108,117.3052628,38.994716600000004,0,1.6773281373425917,3.34277538e-08,0
109,117.30522415,38.9947138,0,1.6773282032018422,3.29296252e-08,0
110,117.3051855,38.994711,0,1.6773282689297953,3.28639765e-08,0
111,117.30514685,38.994708200000005,0,1.677328333628668,3.23494364e-08,0
112,117.3051082,38.9947054,0,1.6773284005498064,3.34605692e-08,0
113,117.30506955,38.994702600000004,0,1.6773284652158476,3.23330206e-08,0
114,117.3050309,38.9946998,0,1.6773285321369782,3.34605653e-08,0
115,117.30499225,38.994697,0,1.6773285978977348,3.28803783e-08,0
116,117.3049536,38.994694200000005,0,1.6773286625965875,3.23494264e-08,0
117,117.30491495,38.9946914,0,1.6773287295177064,3.34605594e-08,0
118,117.3048763,38.9946886,0,1.6773287941837276,3.23330106e-08,0
119,117.30483765,38.9946858,0,1.6773288611048387,3.34605555e-08,0
120,117.304799,38.994683,0,1.6773289268655758,3.28803685e-08,0
121,117.30477165,38.99468975,0,1.2399641825837446,-0.2186823721409156,0
122,117.30474430000001,38.9946965,0,1.23996407536081,-5.36114673e-08,0
123,117.30471695,38.99470325,0,1.2399639677097098,-5.38255501e-08,0
124,117.3046896,38.994710000000005,0,1.2399638603797083,-5.36650008e-08,0
125,117.30466225,38.99471675,0,1.2399637529426542,-5.37185271e-08,0
126,117.3046349,38.9947235,0,1.2399636464464505,-5.32481018e-08,0
127,117.30460755,38.99473025,0,1.2399635381755396,-5.41354555e-08,0
128,117.3045802,38.994737,0,1.2399634305243656,-5.3825587e-08,0
129,117.30455285000001,38.994743750000005,0,1.2399633231942908,-5.36650374e-08,0
130,117.30452550000001,38.9947505,0,1.2399632147092603,-5.42425153e-08,0
131,117.30449815,38.99475725,0,1.2399631092608856,-5.27241873e-08,0
132,117.3044708,38.994764,0,1.239963000989902,-5.41354918e-08,0
133,117.30444345000001,38.99477075,0,1.2399628933386542,-5.3825624e-08,0
134,117.3044161,38.994777500000005,0,1.2399627861155438,-5.36115552e-08,0
135,117.30438875,38.99478425,0,1.239962678464267,-5.38256384e-08,0
136,117.3043614,38.994791,0,1.239962571027051,-5.3718608e-08,0
137,117.30433405000001,38.994797750000004,0,1.2399624638038966,-5.36115772e-08,0
138,117.30430670000001,38.9948045,0,1.2399623561525757,-5.38256605e-08,0
139,117.30427935,38.994811250000005,0,1.2399622499772938,-5.30876409e-08,0
140,117.304252,38.994818,0,1.2399621412780413,-5.43496262e-08,0
141,117.30421415,38.994818550000005,0,1.635803568920523,0.1979207138212409,0
142,117.30417630000001,38.9948191,0,1.6358035562050013,-6.3577609e-09,0
143,117.30413845000001,38.994819650000004,0,1.635803542410038,-6.8974817e-09,0
144,117.3041006,38.9948202,0,1.6358035318864543,-5.2617918e-09,0
145,117.30406275,38.99482075,0,1.6358035180848802,-6.9007871e-09,0
146,117.3040249,38.994821300000005,0,1.6358035053825797,-6.3511503e-09,0
147,117.30398705,38.99482185,0,1.635803492660446,-6.3610669e-09,0
148,117.3039492,38.994822400000004,0,1.635803478858871,-6.9007875e-09,0
149,117.30391135,38.99482295,0,1.635803467242623,-5.808124e-09,0
150,117.30387350000001,38.9948235,0,1.6358034545469333,-6.3478448e-09,0
151,117.30383565,38.994824050000005,0,1.6358034429306854,-5.808124e-09,0
152,117.3037978,38.9948246,0,1.635803429115887,-6.9073992e-09,0
153,117.30375995,38.994825150000004,0,1.6358034164135862,-6.3511504e-09,0
154,117.3037221,38.9948257,0,1.635803402605399,-6.9040936e-09,0
155,117.30368425,38.99482625,0,1.635803390995761,-5.804819e-09,0
156,117.3036464,38.994826800000006,0,1.6358033782868489,-6.3544561e-09,0
157,117.30360854999999,38.99482735,0,1.6358033666705993,-5.8081248e-09,0
158,117.3035707,38.994827900000004,0,1.635803352875634,-6.8974827e-09,0
159,117.30353285,38.99482845,0,1.6358033390542235,-6.9107052e-09,0
160,117.303495,38.994829,0,1.6358033274511965,-5.8015135e-09,0
161,117.3034627,38.994854950000004,0,2.0073652284406394,0.1857809504947214,0
162,117.3034304,38.994880900000005,0,2.007364871830935,-1.783048522e-07,0
163,117.3033981,38.99490685,0,2.0073645157313584,-1.780497882e-07,0
164,117.3033658,38.9949328,0,2.007364160904471,-1.774134437e-07,0
165,117.3033335,38.99495875,0,2.0073638040401853,-1.784321428e-07,0
166,117.30330119999999,38.9949847,0,2.0073634484485887,-1.777957983e-07,0
167,117.30326889999999,38.995010650000005,0,2.007363093367118,-1.775407354e-07,0
168,117.30323659999999,38.9950366,0,2.0073627365024382,-1.784323398e-07,0
169,117.30320429999999,38.99506255,0,2.0073623809104473,-1.777959955e-07,0
170,117.30317199999999,38.9950885,0,2.00736202582858,-1.775409337e-07,0
171,117.3031397,38.99511445,0,2.0073616681990636,-1.788147581e-07,0
172,117.3031074,38.995140400000004,0,2.0073613141355624,-1.770317506e-07,0
173,117.3030751,38.99516635,0,2.007360957270227,-1.784326678e-07,0
174,117.3030428,38.9951923,0,2.0073606016775773,-1.777963248e-07,0
175,117.3030105,38.99521825,0,2.0073602465950495,-1.775412639e-07,0
176,117.3029782,38.9952442,0,2.0073598899835083,-1.783057706e-07,0
177,117.3029459,38.99527015,0,2.007359534136276,-1.779236161e-07,0
178,117.3029136,38.9952961,0,2.007359177780536,-1.7817787e-07,0
179,117.3028813,38.99532205,0,2.007358823205856,-1.772873401e-07,0
180,117.302849,38.995348,0,2.0073584665937894,-1.783060333e-07,0
181,117.30279935,38.9954116,0,4.135935459837217,1.0642884966217139,0
182,117.30274969999999,38.9954752,0,4.135934459678672,-5.000792727e-07,0
183,117.30270005,38.9955388,0,4.1359334592170525,-5.002308097e-07,0
184,117.30265039999999,38.9956024,0,4.135932459661801,-4.99777626e-07,0
185,117.30260075,38.995666,0,4.135931458896391,-5.003827046e-07,0
186,117.3025511,38.9957296,0,4.135930458467047,-5.002146723e-07,0
187,117.30250145,38.9957932,0,4.135929459445539,-4.995107536e-07,0
188,117.3024518,38.9958568,0,4.135928458142102,-5.006517187e-07,0
189,117.30240214999999,38.9959204,0,4.135927459119163,-4.995114695e-07,0
190,117.3023525,38.995984,0,4.1359264578143025,-5.006524302e-07,0
191,117.30230285,38.9960476,0,4.135925457917269,-4.999485168e-07,0
192,117.3022532,38.9961112,0,4.135924458356306,-4.997804814e-07,0
193,117.30220355,38.9961748,0,4.135923457585181,-5.003855623e-07,0
194,117.3021539,38.9962384,0,4.135922458022792,-4.997811947e-07,0
195,117.30210425,38.996302,0,4.135921457250237,-5.003862773e-07,0
196,117.3020546,38.9963656,0,4.135920457384057,-4.9993309e-07,0
197,117.30200495,38.9964292,0,4.1359194572148,-5.000846288e-07,0
198,117.3019553,38.9964928,0,4.135918456742465,-5.002361672e-07,0
199,117.30190565,38.9965564,0,4.135917457176506,-4.997829799e-07,0
200,117.301856,38.99662,0,4.13591645640038,-5.00388063e-07,0
201,117.30188365000001,38.99666105,0,2.5760796384382543,-0.7799184089810627,0
202,117.3019113,38.9967021,0,2.576079316491897,-1.609731786e-07,0
203,117.30193895,38.99674315,0,2.576078995055302,-1.607182976e-07,0
204,117.3019666,38.9967842,0,2.5760786738151413,-1.606200803e-07,0
205,117.30199425,38.99682525,0,2.5760783521816975,-1.608167219e-07,0
206,117.3020219,38.9968663,0,2.576078031254586,-1.604635558e-07,0
207,117.30204954999999,38.99690735,0,2.576077708994215,-1.611301854e-07,0
208,117.3020772,38.9969484,0,2.5760773878702556,-1.605619797e-07,0
209,117.30210485,38.99698945,0,2.5760770669427284,-1.604637636e-07,0
210,117.3021325,38.9970305,0,2.576076744681944,-1.611303921e-07,0
211,117.30216014999999,38.99707155,0,2.576076423557571,-1.605621867e-07,0
212,117.3021878,38.9971126,0,2.576076102629628,-1.604639714e-07,0
213,117.30221545,38.99715365,0,2.576075780681758,-1.609739351e-07,0
214,117.3022431,38.9971947,0,2.5760754589303176,-1.608757201e-07,0
215,117.30227074999999,38.99723575,0,2.5760751378053923,-1.605624627e-07,0
216,117.3022984,38.9972768,0,2.5760748168768948,-1.604642488e-07,0
217,117.30232605,38.99731785,0,2.57607449512504,-1.608759275e-07,0
218,117.3023537,38.9973589,0,2.5760741734898085,-1.608176157e-07,0
219,117.30238134999999,38.99739995,0,2.576073852051005,-1.607194018e-07,0
220,117.302409,38.997441,0,2.5760735302987356,-1.608761346e-07,0
221,117.3025042,38.9974681,0,4.380741369759358,0.9023339197303111,0
222,117.30259939999999,38.9974952,0,4.38073988945102,-7.401541691e-07,0
223,117.3026946,38.9975223,0,4.3807384110849545,-7.391830326e-07,0
224,117.3027898,38.997549400000004,0,4.380736930896661,-7.400941469e-07,0
225,117.302885,38.9975765,0,4.3807354525290005,-7.391838301e-07,0
226,117.3029802,38.9976036,0,4.3807339722174765,-7.40155762e-07,0
227,117.3030754,38.9976307,0,4.380732493059144,-7.395791664e-07,0
228,117.3031706,38.9976578,0,4.380731014689091,-7.391850265e-07,0
229,117.30326579999999,38.9976849,0,4.3807295346184505,-7.400353201e-07,0
230,117.303361,38.997712,0,4.380728055092815,-7.397628177e-07,0
231,117.3034562,38.9977391,0,4.380726576842008,-7.391254035e-07,0
232,117.30355139999999,38.9977662,0,4.380725096647341,-7.400973336e-07,0
233,117.3036466,38.9977933,0,4.3807236182733,-7.391870205e-07,0
234,117.3037418,38.9978204,0,4.380722138077039,-7.400981303e-07,0
235,117.30383699999999,38.9978475,0,4.3807206586690555,-7.397039918e-07,0
236,117.30393219999999,38.997874599999996,0,4.38071918041426,-7.39127398e-07,0
237,117.3040274,38.9979017,0,4.380717700337247,-7.400385065e-07,0
238,117.3041226,38.9979288,0,4.380716221837581,-7.392498329e-07,0
239,117.30421779999999,38.9979559,0,4.380714741637339,-7.401001207e-07,0
240,117.304313,38.997983,0,4.3807132622253695,-7.397059849e-07,0
241,117.3043434,38.9979878,0,1.3403758798520005,-1.5201686911866845,0
242,117.3043738,38.997992599999996,0,1.3403757925313322,-4.36603341e-08,0
243,117.3044042,38.997997399999996,0,1.3403757041332487,-4.41990418e-08,0
244,117.3044346,38.998002199999995,0,1.3403756178899697,-4.31216395e-08,0
245,117.304465,38.998007,0,1.3403755306396892,-4.36251403e-08,0
246,117.3044954,38.9980118,0,1.3403754422415795,-4.41990549e-08,0
247,117.3045258,38.9980166,0,1.34037535592786,-4.31568598e-08,0
248,117.3045562,38.9980214,0,1.3403752686071388,-4.36603605e-08,0
249,117.3045866,38.9980262,0,1.3403751802090031,-4.41990679e-08,0
250,117.304617,38.998031,0,1.3403750939656707,-4.31216662e-08,0
251,117.3046474,38.9980358,0,1.3403750066449236,-4.36603735e-08,0
252,117.3046778,38.998040599999996,0,1.3403749182467615,-4.41990811e-08,0
253,117.3047082,38.998045399999995,0,1.3403748320034026,-4.31216794e-08,0
254,117.3047386,38.998050199999994,0,1.340374744682629,-4.36603868e-08,0
255,117.304769,38.998054999999994,0,1.340374656284441,-4.41990941e-08,0
256,117.3047994,38.9980598,0,1.3403745701818828,-4.30512791e-08,0
257,117.3048298,38.9980646,0,1.340374482720255,-4.37308139e-08,0
258,117.3048602,38.9980694,0,1.340374395399446,-4.36604045e-08,0
259,117.3048906,38.9980742,0,1.340374307001223,-4.41991115e-08,0
260,117.304921,38.998079,0,1.340374220757802,-4.31217105e-08,0
261,117.3049545,38.9980719,0,1.5003450312458657,0.0799854052440319,0
262,117.304988,38.998064799999995,0,1.500345171369794,7.00619641e-08,0
263,117.3050215,38.9980577,0,1.5003453125543842,7.05922951e-08,0
264,117.305055,38.9980506,0,1.5003454516175891,6.95316025e-08,0
265,117.3050885,38.998043499999994,0,1.5003455917414559,7.00619334e-08,0
266,117.305122,38.9980364,0,1.500345732925985,7.05922646e-08,0
267,117.3051555,38.9980293,0,1.5003458719891283,6.95315716e-08,0
268,117.305189,38.9980222,0,1.5003460120198848,7.00153783e-08,0
269,117.3052225,38.998015099999996,0,1.50034615339045,7.06852826e-08,0
270,117.305256,38.998008,0,1.5003462923604831,6.94850165e-08,0
271,117.3052895,38.9980009,0,1.5003464323911786,7.00153477e-08,0
272,117.305323,38.997993799999996,0,1.5003465737616828,7.06852521e-08,0
273,117.3053565,38.9979867,0,1.5003467127316539,6.94849855e-08,0
274,117.30539,38.9979796,0,1.500346852762288,7.00153171e-08,0
275,117.3054235,38.9979725,0,1.5003469940396825,7.06386972e-08,0
276,117.305457,38.9979654,0,1.5003471331956888,6.95780031e-08,0
277,117.3054905,38.9979583,0,1.500347273133213,6.99687621e-08,0
278,117.305524,38.9979512,0,1.5003474144105462,7.06386666e-08,0
279,117.3055575,38.9979441,0,1.500347553566491,6.95779724e-08,0
280,117.305591,38.997937,0,1.500347693503954,6.99687315e-08,0
281,117.30567280000001,38.9979397,0,3.5376500413411556,1.0186511739186008,0
282,117.3057546,38.9979424,0,3.5376499043999408,-6.84706074e-08,0
283,117.3058364,38.9979451,0,3.5376497707690095,-6.68154656e-08,0
284,117.30591820000001,38.9979478,0,3.53764963709305,-6.68379798e-08,0
285,117.30600000000001,38.9979505,0,3.537649501280254,-6.79063981e-08,0
286,117.3060818,38.9979532,0,3.5376493665058497,-6.7387202e-08,0
287,117.3061636,38.9979559,0,3.537649231791465,-6.73571923e-08,0
288,117.30624540000001,38.9979586,0,3.5376490970170464,-6.73872094e-08,0
289,117.3063272,38.9979613,0,3.537648962302647,-6.73571998e-08,0
290,117.306409,38.997963999999996,0,3.537648827528212,-6.73872174e-08,0
291,117.3064908,38.9979667,0,3.5376486928137973,-6.73572074e-08,0
292,117.3065726,38.9979694,0,3.53764855806936,-6.73722187e-08,0
293,117.3066544,38.9979721,0,3.5376484232949013,-6.73872294e-08,0
294,117.3067362,38.9979748,0,3.537648288580463,-6.73572191e-08,0
295,117.30681799999999,38.9979775,0,3.5376481538059883,-6.73872373e-08,0
296,117.3068998,38.9979802,0,3.537648019091534,-6.73572271e-08,0
297,117.3069816,38.9979829,0,3.5376478854154714,-6.68380313e-08,0
298,117.3070634,38.9979856,0,3.537647749602574,-6.79064487e-08,0
299,117.3071452,38.997988299999996,0,3.5376476137296415,-6.79364662e-08,0
300,117.307227,38.997991,0,3.537647481212011,-6.62588153e-08,0
301,117.30730104999999,38.9979937,0,3.2031140542550656,-0.1672667134784727,0
302,117.3073751,38.9979964,0,3.20311393336593,-6.04445678e-08,0
303,117.30744915,38.9979991,0,3.203113810346666,-6.15096321e-08,0
304,117.30752319999999,38.9980018,0,3.203113689457516,-6.04445749e-08,0
305,117.30759725,38.9980045,0,3.2031135675364473,-6.09605344e-08,0
306,117.3076713,38.998007199999996,0,3.2031134444508638,-6.15427918e-08,0
307,117.30774534999999,38.9980099,0,3.2031133225297808,-6.09605415e-08,0
308,117.3078194,38.998012599999996,0,3.203113201657177,-6.0436302e-08,0
309,117.30789345,38.9980153,0,3.203113078604722,-6.15262274e-08,0
310,117.30796749999999,38.998018,0,3.203112957765252,-6.0419735e-08,0
311,117.30804155,38.9980207,0,3.203112835777843,-6.09937045e-08,0
312,117.3081156,38.9980234,0,3.203112712758515,-6.1509664e-08,0
313,117.30818965,38.9980261,0,3.203112591869301,-6.04446069e-08,0
314,117.3082637,38.9980288,0,3.2031124688499593,-6.15096709e-08,0
315,117.30833774999999,38.998031499999996,0,3.2031123479607317,-6.04446138e-08,0
316,117.3084118,38.9980342,0,3.203112226039584,-6.09605739e-08,0
317,117.30848585,38.998036899999995,0,3.203112102970498,-6.1534543e-08,0
318,117.30855989999999,38.9980396,0,3.2031119810161877,-6.09771551e-08,0
319,117.30863395,38.998042299999994,0,3.2031118601600803,-6.04280537e-08,0
320,117.308708,38.998045,0,3.2031117371075477,-6.15262663e-08,0
321,117.30881074999999,38.99804315,0,4.440868608863371,0.6188784358779118,0
322,117.30891349999999,38.9980413,0,4.440868724923802,5.80302153e-08,0
323,117.30901625,38.99803945,0,4.440868840959656,5.80179269e-08,0
324,117.309119,38.998037599999996,0,4.440868957011886,5.8026115e-08,0
325,117.30922174999999,38.99803575,0,4.440869071948608,5.74683612e-08,0
326,117.3093245,38.998033899999996,0,4.44086918909176,5.8571576e-08,0
327,117.30942725,38.99803205,0,4.440869305135785,5.80220125e-08,0
328,117.30953,38.998030199999995,0,4.440869421187998,5.80261066e-08,0
329,117.30963274999999,38.99802835,0,4.440869536124701,5.74683514e-08,0
330,117.30973549999999,38.998026499999995,0,4.440869653276026,5.85756625e-08,0
331,117.30983825,38.99802465,0,4.440869769303651,5.80138124e-08,0
332,117.309941,38.9980228,0,4.440869885355845,5.80260968e-08,0
333,117.31004374999999,38.99802095,0,4.440870000308911,5.74765333e-08,0
334,117.3101465,38.9980191,0,4.44087011854296,5.91170242e-08,0
335,117.31024925,38.99801725,0,4.440870232396894,5.69269671e-08,0
336,117.310352,38.9980154,0,4.4408703495236175,5.85633617e-08,0
337,117.31045474999999,38.998013549999996,0,4.44087046558398,5.80301811e-08,0
338,117.31055749999999,38.9980117,0,4.440870580520642,5.7468331e-08,0
339,117.31066025,38.998009849999995,0,4.440870697671925,5.85756417e-08,0
340,117.310763,38.998008,0,4.440870813707699,5.80178869e-08,0
341,117.3108062,38.998003749999995,0,1.881506046817076,-1.2796823834453115,0
342,117.3108494,38.9979995,0,1.881506156952301,5.50676126e-08,0
343,117.31089259999999,38.99799525,0,1.881506268178229,5.5612964e-08,0
344,117.3109358,38.997991,0,1.8815063805392755,5.61805232e-08,0
345,117.310979,38.997986749999995,0,1.881506491765184,5.56129542e-08,0
346,117.3110222,38.9979825,0,1.881506601855954,5.5045385e-08,0
347,117.31106539999999,38.99797825,0,1.8815067130374274,5.55907367e-08,0
348,117.3111086,38.997974,0,1.8815068254428482,5.62027104e-08,0
349,117.3111518,38.997969749999996,0,1.881506936668716,5.56129339e-08,0
350,117.311195,38.9979655,0,1.8815070467594457,5.50453648e-08,0
351,117.3112382,38.997961249999996,0,1.8815071591204218,5.6180488e-08,0
352,117.3112814,38.997957,0,1.8815072692111312,5.50453547e-08,0
353,117.3113246,38.997952749999996,0,1.8815073815720875,5.61804782e-08,0
354,117.3113678,38.9979485,0,1.8815074916183614,5.50231369e-08,0
355,117.31141099999999,38.99794425,0,1.881507602888583,5.56351109e-08,0
356,117.3114542,38.99794,0,1.8815077152495094,5.61804632e-08,0
357,117.31149740000001,38.997935749999996,0,1.8815078264752967,5.56128936e-08,0
358,117.3115406,38.9979315,0,1.8815079365659448,5.50453241e-08,0
359,117.3115838,38.997927250000004,0,1.8815080477917119,5.56128835e-08,0
360,117.311627,38.997923,0,1.8815081601081833,5.61582357e-08,0
361,117.311657,38.99792245,0,1.2966190000469704,-0.2924445800306065,0
362,117.311687,38.9979219,0,1.2966190112021474,5.5775885e-09,0
363,117.311717,38.99792135,0,1.2966190201841197,4.4909861e-09,0
364,117.311747,38.9979208,0,1.2966190302485239,5.0322021e-09,0
365,117.311777,38.99792025,0,1.2966190414370626,5.5942694e-09,0
366,117.311807,38.9979197,0,1.2966190504023536,4.4826455e-09,0
367,117.311837,38.99791915,0,1.2966190604667576,5.032202e-09,0
368,117.31186699999999,38.9979186,0,1.2966190705561829,5.0447126e-09,0
369,117.311897,38.99791805,0,1.2966190817113592,5.5775882e-09,0
370,117.311927,38.9979175,0,1.2966190906933306,4.4909857e-09,0
371,117.31195699999999,38.99791695,0,1.2966191007660748,5.0363721e-09,0
372,117.311987,38.9979164,0,1.2966191119379313,5.5859283e-09,0
373,117.312017,38.99791585,0,1.296619120911562,4.4868154e-09,0
374,117.31204699999999,38.9979153,0,1.296619130975965,5.0322014e-09,0
375,117.31207699999999,38.99791475,0,1.2966191421561624,5.5900987e-09,0
376,117.312107,38.9979142,0,1.296619151138133,4.4909854e-09,0
377,117.31213699999999,38.99791365,0,1.296619161194195,5.028031e-09,0
378,117.31216699999999,38.9979131,0,1.296619172374392,5.5900985e-09,0
379,117.312197,38.99791255,0,1.2966191813396812,4.4826446e-09,0
380,117.312227,38.997912,0,1.2966191925282182,5.5942685e-09,0
381,117.31224309999999,38.9979039,0,0.828701875663581,-0.2339586584323186,0
382,117.3122592,38.9978958,0,0.8287019434352612,3.38858401e-08,0
383,117.3122753,38.9978877,0,0.8287020095532931,3.3059016e-08,0
384,117.31229139999999,38.9978796,0,0.8287020773249548,3.38858309e-08,0
385,117.3123075,38.9978715,0,0.828702143789314,3.32321796e-08,0
386,117.3123236,38.9978634,0,0.8287022100995064,3.31550962e-08,0
387,117.3123397,38.9978553,0,0.8287022778711405,3.3885817e-08,0
388,117.31235579999999,38.9978472,0,0.8287023434125564,3.2770708e-08,0
389,117.3123719,38.9978391,0,0.8287024115685504,3.4077997e-08,0
390,117.312388,38.997831000000005,0,0.8287024782250518,3.33282507e-08,0
391,117.3124041,38.9978229,0,0.828702544150818,3.29628831e-08,0
392,117.3124202,38.9978148,0,0.8287026121145948,3.39818884e-08,0
393,117.3124363,38.997806700000005,0,0.8287026787710683,3.33282367e-08,0
394,117.3124524,38.9977986,0,0.8287027446968057,3.29628687e-08,0
395,117.3124685,38.9977905,0,0.8287028126605547,3.39818745e-08,0
396,117.3124846,38.997782400000006,0,0.8287028793169998,3.33282226e-08,0
397,117.3125007,38.9977743,0,0.8287029452427086,3.29628544e-08,0
398,117.3125168,38.9977662,0,0.8287030122835133,3.35204023e-08,0
399,117.31253290000001,38.997758100000006,0,0.8287030798628466,3.37896667e-08,0
400,117.312549,38.99775,0,0.8287031467114435,3.34242984e-08,0
401,117.3125557,38.997735600000006,0,0.8513373400403137,0.0113170966644351,0
402,117.3125624,38.9977212,0,0.8513373597003228,9.8300045e-09,0
403,117.3125691,38.9977068,0,0.8513373797754636,1.00375704e-08,0
404,117.3125758,38.997692400000005,0,0.8513374001419134,1.01832249e-08,0
405,117.3125825,38.997678,0,0.8513374198019142,9.8300004e-09,0
406,117.3125892,38.9976636,0,0.8513374398770476,1.00375667e-08,0
407,117.3125959,38.997649200000005,0,0.8513374602434896,1.0183221e-08,0
408,117.3126026,38.9976348,0,0.8513374799034821,9.8299963e-09,0
409,117.3126093,38.9976204,0,0.8513374999786083,1.00375631e-08,0
410,117.312616,38.997606000000005,0,0.8513375203450422,1.01832169e-08,0
411,117.3126227,38.9975916,0,0.8513375400050265,9.8299922e-09,0
412,117.3126294,38.9975772,0,0.851337560080145,1.00375593e-08,0
413,117.3126361,38.9975628,0,0.8513375807791569,1.03495059e-08,0
414,117.3126428,38.9975484,0,0.8513375997739616,9.4974024e-09,0
415,117.3126495,38.997534,0,0.8513376201816586,1.02038485e-08,0
416,117.3126562,38.9975196,0,0.8513376408806625,1.0349502e-08,0
417,117.3126629,38.9975052,0,0.8513376598754592,9.4973983e-09,0
418,117.3126696,38.9974908,0,0.8513376802831486,1.02038447e-08,0
419,117.3126763,38.9974764,0,0.8513377009821445,1.03494979e-08,0
420,117.312683,38.997462,0,0.8513377199769329,9.4973942e-09,0
421,117.3126996,38.99740885,0,3.040810556581063,1.0947364183020651,0
422,117.31271620000001,38.9973557,0,3.0408106833192057,6.33690713e-08,0
423,117.3127328,38.99730255,0,3.040810810744656,6.37127251e-08,0
424,117.3127494,38.9972494,0,3.040810937482687,6.33690156e-08,0
425,117.31276600000001,38.99719625,0,3.040811064564345,6.3540829e-08,0
426,117.3127826,38.997143099999995,0,3.0408111923333108,6.38844828e-08,0
427,117.3127992,38.997089949999996,0,3.0408113190711763,6.33689328e-08,0
428,117.3128158,38.9970368,0,3.0408114458089863,6.3368905e-08,0
429,117.3128324,38.99698365,0,3.0408115728904224,6.3540718e-08,0
430,117.312849,38.9969305,0,3.040811700315484,6.37125308e-08,0
431,117.3128656,38.99687735,0,3.0408118270531275,6.33688217e-08,0
432,117.3128822,38.9968242,0,3.040811954478079,6.37124757e-08,0
433,117.3128988,38.99677105,0,3.040812081215611,6.3368766e-08,0
434,117.3129154,38.9967179,0,3.040812208640452,6.37124205e-08,0
435,117.31293199999999,38.996664749999994,0,3.040812335721556,6.35405522e-08,0
436,117.3129486,38.996611599999994,0,3.0408124628026036,6.35405237e-08,0
437,117.3129652,38.996558449999995,0,3.040812589539913,6.33686548e-08,0
438,117.31298179999999,38.996505299999995,0,3.040812716964533,6.37123099e-08,0
439,117.3129984,38.996452149999996,0,3.0408128437017323,6.33685997e-08,0
440,117.313015,38.996399,0,3.04081297112624,6.37122539e-08,0
441,117.3130027,38.9963506,0,2.7429006374521814,-0.1489561668370294,0
442,117.31299039999999,38.996302199999995,0,2.7429007084482997,3.54980592e-08,0
443,117.3129781,38.9962538,0,2.7429007783244064,3.49380533e-08,0
444,117.3129658,38.9962054,0,2.742900848760477,3.52180354e-08,0
445,117.31295349999999,38.996157,0,2.7429009197565146,3.54980187e-08,0
446,117.3129412,38.9961086,0,2.7429009896325387,3.4938012e-08,0
447,117.3129289,38.9960602,0,2.742901060068529,3.52179952e-08,0
448,117.3129166,38.9960118,0,2.742901131411445,3.5671458e-08,0
449,117.3129043,38.9959634,0,2.7429012009404277,3.47644913e-08,0
450,117.312892,38.995915,0,2.7429012717232952,3.53914338e-08,0
451,117.3128797,38.9958666,0,2.7429013420252537,3.51509792e-08,0
452,117.3128674,38.9958182,0,2.7429014122480724,3.51114093e-08,0
453,117.3128551,38.9957698,0,2.7429014832438954,3.54979115e-08,0
454,117.3128428,38.9957214,0,2.7429015531197,3.49379023e-08,0
455,117.3128305,38.995673000000004,0,2.7429016235554733,3.52178866e-08,0
456,117.3128182,38.9956246,0,2.7429016948981744,3.56713505e-08,0
457,117.3128059,38.9955762,0,2.742901764426938,3.47643818e-08,0
458,117.3127936,38.995527800000005,0,2.7429018348626295,3.52178458e-08,0
459,117.3127813,38.9954794,0,2.7429019058582913,3.54978309e-08,0
460,117.312769,38.995431,0,2.7429019757339317,3.49378202e-08,0
461,117.31275905,38.99540935,0,1.27816546343549,-0.7323682561492209,0
462,117.3127491,38.9953877,0,1.2781655073106308,2.19375704e-08,0
463,117.31273915,38.99536605,0,1.2781655522584732,2.24739212e-08,0
464,117.3127292,38.9953444,0,1.2781655958005433,2.17710351e-08,0
465,117.31271925,38.99532275,0,1.2781656400454866,2.21224716e-08,0
466,117.3127093,38.995301100000006,0,1.2781656843271976,2.21408555e-08,0
467,117.31269935,38.995279450000005,0,1.2781657288684003,2.22706014e-08,0
468,117.3126894,38.995257800000005,0,1.2781657731500942,2.21408469e-08,0
469,117.31267945,38.995236150000004,0,1.2781658170251728,2.19375393e-08,0
470,117.3126695,38.9952145,0,1.2781658616399034,2.23073653e-08,0
471,117.31265954999999,38.99519285,0,1.2781659058480177,2.21040571e-08,0
472,117.3126496,38.9951712,0,1.2781659497598472,2.19559148e-08,0
473,117.31263965,38.99514955,0,1.2781659943745523,2.23073525e-08,0
474,117.3126297,38.9951279,0,1.2781660382495867,2.19375172e-08,0
475,117.31261975,38.995106250000006,0,1.2781660828642747,2.2307344e-08,0
476,117.31260979999999,38.995084600000006,0,1.2781661267392919,2.19375086e-08,0
477,117.31259985,38.995062950000005,0,1.2781661709841312,2.21224197e-08,0
478,117.31258989999999,38.995041300000004,0,1.278166215598794,2.23073314e-08,0
479,117.31257995,38.99501965,0,1.2781662598068373,2.21040216e-08,0
480,117.31257,38.994998,0,1.2781663040884303,2.21407965e-08,0
