渔船ID,lat,lon,速度,方向,time,type
11,29.93963888888889,122.28583333333331,0.0,0.0,2019-10-01 06:07:03,拖网
11,29.93963888888889,122.28580555555556,0.0,0.0,2019-10-01 06:17:03,拖网
11,29.93966666666667,122.28577777777777,0.0,0.0,2019-10-01 06:27:02,拖网
11,29.939611111111116,122.28580555555556,0.0,0.0,2019-10-01 06:37:02,拖网
11,29.93963888888889,122.28580555555556,0.0,0.0,2019-10-01 06:47:02,拖网
11,29.939722222222237,122.28577777777777,0.1,0.0,2019-10-01 06:57:02,拖网
11,29.93963888888889,122.28580555555556,0.4,0.0,2019-10-01 07:07:02,拖网
11,29.93986111111111,122.28558333333332,0.2,0.0,2019-10-01 07:17:05,拖网
11,29.93952777777777,122.28588888888888,0.2,0.0,2019-10-01 07:27:02,拖网
11,29.93958333333333,122.28575,0.0,0.0,2019-10-01 07:37:02,拖网
11,29.93963888888889,122.28575,0.0,0.0,2019-10-01 07:47:26,拖网
11,29.939555555555557,122.28577777777777,0.0,0.0,2019-10-01 07:57:02,拖网
11,29.939416666666663,122.28558333333332,0.2,0.0,2019-10-01 08:07:02,拖网
11,29.939555555555557,122.28575,0.0,0.0,2019-10-01 08:17:02,拖网
11,29.939555555555557,122.28575,0.1,0.0,2019-10-01 08:27:02,拖网
11,29.9395,122.28591666666668,0.7,0.0,2019-10-01 08:37:02,拖网
11,29.9395,122.28569444444445,0.0,0.0,2019-10-01 08:47:02,拖网
11,29.93952777777777,122.28572222222222,0.0,0.0,2019-10-01 08:57:02,拖网
11,29.93944444444445,122.28575,0.0,0.0,2019-10-01 09:07:02,拖网
11,29.93944444444445,122.28569444444445,0.1,0.0,2019-10-01 09:17:02,拖网
11,29.93947222222221,122.28577777777777,0.0,0.0,2019-10-01 09:27:02,拖网
11,29.93952777777777,122.28575,0.1,0.0,2019-10-01 09:37:02,拖网
11,29.93947222222221,122.28563888888888,0.7,155.0,2019-10-01 09:47:02,拖网
11,29.939416666666663,122.28566666666666,0.0,0.0,2019-10-01 09:57:02,拖网
11,29.93947222222221,122.28563888888888,0.0,0.0,2019-10-01 10:07:30,拖网
11,29.939305555555556,122.28538888888887,0.2,0.0,2019-10-01 10:17:02,拖网
11,29.93922222222222,122.28536111111111,0.0,0.0,2019-10-01 10:27:02,拖网
11,29.93933333333333,122.28555555555556,0.3,0.0,2019-10-01 10:37:02,拖网
11,29.939555555555557,122.28619444444443,0.0,0.0,2019-10-01 10:47:02,拖网
11,29.93936111111111,122.2855,0.0,0.0,2019-10-01 10:57:02,拖网
11,29.93966666666667,122.28627777777778,0.2,0.0,2019-10-01 11:17:01,拖网
11,29.939277777777768,122.28561111111112,0.5,215.0,2019-10-01 11:27:01,拖网
11,29.93938888888889,122.28552777777776,0.5,347.0,2019-10-01 11:37:01,拖网
11,29.93922222222222,122.28541666666666,0.4,0.0,2019-10-01 11:47:01,拖网
11,29.93922222222222,122.28538888888887,0.4,0.0,2019-10-01 11:57:01,拖网
11,29.93911111111111,122.2852777777778,0.1,0.0,2019-10-01 12:07:05,拖网
11,29.93936111111111,122.28541666666666,0.2,0.0,2019-10-01 12:17:01,拖网
11,29.939138888888888,122.28530555555557,0.0,0.0,2019-10-01 12:27:30,拖网
11,29.93911111111111,122.28530555555557,0.2,0.0,2019-10-01 12:37:01,拖网
11,29.939166666666665,122.28525,0.1,0.0,2019-10-01 12:47:01,拖网
11,29.93919444444445,122.28530555555557,0.1,0.0,2019-10-01 12:57:01,拖网
11,29.939166666666665,122.28536111111111,0.2,0.0,2019-10-01 13:07:01,拖网
11,29.939055555555555,122.28538888888887,0.0,0.0,2019-10-01 13:17:01,拖网
11,29.939305555555556,122.28538888888887,0.1,0.0,2019-10-01 13:27:01,拖网
11,29.939138888888888,122.28544444444444,0.0,0.0,2019-10-01 13:37:01,拖网
11,29.939277777777768,122.2855,0.3,0.0,2019-10-01 13:47:01,拖网
11,29.93944444444445,122.28575,0.4,0.0,2019-10-01 13:57:01,拖网
11,29.93947222222221,122.28588888888888,0.6,152.0,2019-10-01 14:07:01,拖网
11,29.93911111111111,122.2855,0.3,0.0,2019-10-01 14:17:01,拖网
11,29.93919444444445,122.2855,0.0,0.0,2019-10-01 14:27:01,拖网
11,29.939083333333336,122.2855,0.2,0.0,2019-10-01 14:37:01,拖网
11,29.939277777777768,122.28544444444444,0.3,0.0,2019-10-01 14:47:01,拖网
11,29.93925,122.28541666666666,0.1,0.0,2019-10-01 14:57:01,拖网
11,29.939416666666663,122.28536111111111,0.3,0.0,2019-10-01 15:07:00,拖网
11,29.93922222222222,122.28544444444444,0.3,0.0,2019-10-01 15:27:00,拖网
11,29.93919444444445,122.28552777777776,0.1,0.0,2019-10-01 15:37:00,拖网
11,29.93925,122.28561111111112,0.1,0.0,2019-10-01 15:47:00,拖网
11,29.939166666666665,122.28561111111112,0.0,0.0,2019-10-01 15:57:00,拖网
11,29.93922222222222,122.28552777777776,0.0,0.0,2019-10-01 16:07:30,拖网
11,29.93936111111111,122.28561111111112,0.0,0.0,2019-10-01 16:17:00,拖网
11,29.93919444444445,122.2855,0.9,353.0,2019-10-01 16:27:01,拖网
11,29.93922222222222,122.28552777777776,0.0,0.0,2019-10-01 16:37:00,拖网
11,29.939166666666665,122.28547222222224,0.0,0.0,2019-10-01 16:47:00,拖网
11,29.939138888888888,122.28544444444444,0.1,0.0,2019-10-01 16:57:00,拖网
11,29.939,122.28555555555556,0.1,0.0,2019-10-01 17:07:00,拖网
11,29.939166666666665,122.2855,0.0,0.0,2019-10-01 17:17:00,拖网
11,29.93922222222222,122.28541666666666,0.1,0.0,2019-10-01 17:27:00,拖网
11,29.93922222222222,122.28541666666666,0.1,0.0,2019-10-01 17:37:00,拖网
11,29.93922222222222,122.28547222222224,0.1,0.0,2019-10-01 17:47:00,拖网
11,29.939277777777768,122.28544444444444,0.0,0.0,2019-10-01 17:57:01,拖网
11,29.93922222222222,122.28538888888887,0.3,0.0,2019-10-01 18:07:00,拖网
11,29.939277777777768,122.28541666666666,0.1,0.0,2019-10-01 18:16:59,拖网
11,29.939416666666663,122.28516666666668,0.0,0.0,2019-10-01 18:27:00,拖网
11,29.93925,122.28530555555557,0.0,0.0,2019-10-01 18:36:59,拖网
11,29.939166666666665,122.28547222222224,0.1,0.0,2019-10-01 18:47:00,拖网
11,29.939277777777768,122.28536111111111,0.1,0.0,2019-10-01 18:56:59,拖网
11,29.93925,122.28547222222224,0.0,0.0,2019-10-01 19:07:31,拖网
11,29.939166666666665,122.28544444444444,0.0,0.0,2019-10-01 19:16:59,拖网
11,29.939166666666665,122.28522222222222,0.1,0.0,2019-10-01 19:26:59,拖网
11,29.939166666666665,122.28541666666666,0.2,0.0,2019-10-01 19:36:59,拖网
11,29.93919444444445,122.28552777777776,0.1,0.0,2019-10-01 19:46:59,拖网
11,29.93911111111111,122.28586111111107,0.3,0.0,2019-10-01 19:56:59,拖网
11,29.93922222222222,122.28547222222224,0.0,0.0,2019-10-01 20:07:30,拖网
11,29.93919444444445,122.28547222222224,0.0,0.0,2019-10-01 20:36:58,拖网
11,29.93919444444445,122.28555555555556,0.1,0.0,2019-10-01 20:46:58,拖网
11,29.93936111111111,122.28536111111111,0.1,0.0,2019-10-01 20:56:58,拖网
11,29.93925,122.28544444444444,0.0,0.0,2019-10-01 21:06:58,拖网
11,29.939305555555556,122.28572222222222,0.1,0.0,2019-10-01 21:16:58,拖网
11,29.93933333333333,122.28572222222222,0.0,0.0,2019-10-01 21:26:58,拖网
11,29.93938888888889,122.28561111111112,0.4,0.0,2019-10-01 21:36:58,拖网
11,29.93938888888889,122.28561111111112,0.1,0.0,2019-10-01 21:46:58,拖网
11,29.93938888888889,122.28577777777777,0.4,0.0,2019-10-01 21:56:58,拖网
11,29.939305555555556,122.28547222222224,0.1,0.0,2019-10-01 22:06:58,拖网
11,29.940222222222232,122.28702777777778,0.4,0.0,2019-10-01 22:16:58,拖网
11,29.940305555555558,122.2872777777778,0.7,110.0,2019-10-01 22:26:58,拖网
11,29.93963888888889,122.28613888888889,0.8,299.0,2019-10-01 22:46:58,拖网
11,29.93966666666667,122.28583333333331,0.8,264.0,2019-10-01 22:56:58,拖网
11,29.93952777777777,122.28580555555556,0.3,0.0,2019-10-01 23:06:58,拖网
11,29.93936111111111,122.28608333333332,0.2,0.0,2019-10-01 23:16:58,拖网
11,29.9395,122.28591666666668,0.4,0.0,2019-10-01 23:26:58,拖网
11,29.93952777777777,122.28591666666668,0.4,0.0,2019-10-01 23:36:58,拖网
11,29.93944444444445,122.28613888888889,0.4,0.0,2019-10-01 23:46:58,拖网
11,29.93944444444445,122.28613888888889,0.1,0.0,2019-10-01 23:57:30,拖网
11,29.939416666666663,122.2860277777778,0.1,0.0,2019-10-02 00:06:58,拖网
11,29.93947222222221,122.28619444444443,0.1,0.0,2019-10-02 00:16:58,拖网
11,29.93947222222221,122.28616666666667,0.0,0.0,2019-10-02 00:36:58,拖网
11,29.93947222222221,122.2862222222222,0.2,0.0,2019-10-02 00:46:58,拖网
11,29.93944444444445,122.28616666666667,0.0,0.0,2019-10-02 00:56:57,拖网
11,29.93936111111111,122.28611111111113,0.0,0.0,2019-10-02 01:06:57,拖网
11,29.93944444444445,122.28616666666667,0.2,0.0,2019-10-02 01:16:57,拖网
11,29.93938888888889,122.28616666666667,0.0,0.0,2019-10-02 01:26:57,拖网
11,29.93952777777777,122.2862222222222,0.4,0.0,2019-10-02 01:36:57,拖网
11,29.9395,122.28613888888889,0.2,0.0,2019-10-02 01:46:57,拖网
11,29.93944444444445,122.28616666666667,0.2,0.0,2019-10-02 01:56:57,拖网
11,29.93947222222221,122.28613888888889,0.1,0.0,2019-10-02 02:07:29,拖网
11,29.93944444444445,122.28613888888889,0.1,0.0,2019-10-02 02:16:57,拖网
11,29.93944444444445,122.28630555555556,0.4,0.0,2019-10-02 02:26:57,拖网
11,29.93947222222221,122.28611111111113,0.0,0.0,2019-10-02 02:36:57,拖网
11,29.9395,122.28611111111113,0.0,0.0,2019-10-02 02:46:57,拖网
11,29.93952777777777,122.28619444444443,0.0,0.0,2019-10-02 02:56:57,拖网
11,29.93933333333333,122.28616666666667,0.1,0.0,2019-10-02 03:06:57,拖网
11,29.939611111111116,122.28627777777778,0.2,0.0,2019-10-02 03:26:57,拖网
11,29.9395,122.28586111111107,0.2,0.0,2019-10-02 03:36:57,拖网
11,29.93947222222221,122.2862222222222,0.3,0.0,2019-10-02 03:46:57,拖网
11,29.939277777777768,122.2862222222222,0.5,0.0,2019-10-02 03:56:57,拖网
11,29.93947222222221,122.28625,0.2,0.0,2019-10-02 04:06:59,拖网
11,29.93958333333333,122.2860277777778,0.4,0.0,2019-10-02 04:16:57,拖网
11,29.93947222222221,122.28608333333332,0.5,0.0,2019-10-02 04:26:58,拖网
11,29.939694444444445,122.28591666666668,0.6,82.0,2019-10-02 04:36:57,拖网
11,29.940027777777782,122.28555555555556,2.2,134.0,2019-10-02 04:46:57,拖网
11,29.9395,122.28616666666667,0.0,0.0,2019-10-02 04:57:30,拖网
11,29.93947222222221,122.28613888888889,0.0,0.0,2019-10-02 05:16:57,拖网
11,29.93947222222221,122.28613888888889,0.0,0.0,2019-10-02 05:26:56,拖网
11,29.93947222222221,122.28619444444443,0.0,0.0,2019-10-02 05:36:56,拖网
11,29.93944444444445,122.28625,0.0,0.0,2019-10-02 05:46:56,拖网
11,29.93947222222221,122.28616666666667,0.0,0.0,2019-10-02 05:56:56,拖网
11,29.93944444444445,122.28613888888889,0.0,0.0,2019-10-02 06:06:56,拖网
11,29.93947222222221,122.28616666666667,0.1,0.0,2019-10-02 06:16:56,拖网
11,29.93944444444445,122.28619444444443,0.0,0.0,2019-10-02 06:26:56,拖网
11,29.9395,122.28613888888889,0.1,0.0,2019-10-02 06:36:56,拖网
11,29.93947222222221,122.28616666666667,0.0,0.0,2019-10-02 06:46:56,拖网
11,29.939694444444445,122.2862222222222,1.4,22.0,2019-10-02 06:56:56,拖网
11,29.93958333333333,122.28613888888889,0.1,0.0,2019-10-02 07:06:56,拖网
11,29.93911111111111,122.28163888888888,2.7,248.0,2019-10-02 07:16:56,拖网
11,29.93869444444445,122.27677777777778,2.2,247.0,2019-10-02 07:26:56,拖网
11,29.93705555555556,122.27658333333332,2.3,136.0,2019-10-02 07:36:56,拖网
11,29.9285,122.2822777777778,4.6,125.0,2019-10-02 07:46:56,拖网
11,29.909388888888888,122.27705555555556,7.2,183.0,2019-10-02 07:56:56,拖网
11,29.869805555555555,122.27625,6.3,167.0,2019-10-02 08:17:11,拖网
11,29.8515,122.28430555555556,6.9,149.0,2019-10-02 08:27:24,拖网
11,29.841555555555548,122.29980555555557,6.9,157.0,2019-10-02 08:36:56,拖网
11,29.840138888888887,122.29858333333333,2.0,43.0,2019-10-02 08:46:56,拖网
11,29.83991666666667,122.29752777777776,0.1,0.0,2019-10-02 08:56:56,拖网
11,29.83988888888889,122.2975,0.1,0.0,2019-10-02 09:06:56,拖网
11,29.839944444444445,122.2975,0.3,0.0,2019-10-02 09:16:56,拖网
11,29.83991666666667,122.29752777777776,0.0,0.0,2019-10-02 09:26:56,拖网
11,29.839944444444445,122.29755555555556,0.1,0.0,2019-10-02 09:36:56,拖网
11,29.83988888888889,122.29752777777776,0.6,178.0,2019-10-02 09:46:56,拖网
11,29.83991666666667,122.29752777777776,0.2,0.0,2019-10-02 09:56:56,拖网
11,29.83988888888889,122.29755555555556,0.1,0.0,2019-10-02 10:06:55,拖网
11,29.83988888888889,122.29752777777776,0.0,0.0,2019-10-02 10:16:55,拖网
11,29.83988888888889,122.2975,0.2,0.0,2019-10-02 10:26:55,拖网
11,29.83991666666667,122.29752777777776,0.2,0.0,2019-10-02 10:36:55,拖网
11,29.83991666666667,122.29755555555556,0.2,0.0,2019-10-02 10:46:55,拖网
11,29.83988888888889,122.29755555555556,0.5,0.0,2019-10-02 10:56:55,拖网
11,29.839944444444445,122.29763888888888,0.1,0.0,2019-10-02 11:06:55,拖网
11,29.83991666666667,122.29761111111112,0.1,0.0,2019-10-02 11:16:55,拖网
11,29.84,122.29752777777776,0.3,0.0,2019-10-02 11:26:55,拖网
11,29.839944444444445,122.29755555555556,0.1,0.0,2019-10-02 11:36:55,拖网
11,29.84,122.29758333333334,0.1,0.0,2019-10-02 11:46:56,拖网
11,29.84,122.29744444444444,0.6,0.0,2019-10-02 11:56:55,拖网
11,29.83991666666667,122.29752777777776,0.0,0.0,2019-10-02 12:07:23,拖网
11,29.839861111111112,122.2975,0.1,0.0,2019-10-02 12:16:55,拖网
11,29.839805555555557,122.2974722222222,0.1,0.0,2019-10-02 12:26:55,拖网
11,29.839861111111112,122.29755555555556,0.1,0.0,2019-10-02 12:36:55,拖网
11,29.839861111111112,122.29752777777776,0.0,0.0,2019-10-02 12:46:55,拖网
11,29.839861111111112,122.2975,0.1,0.0,2019-10-02 12:56:55,拖网
11,29.83991666666667,122.29755555555556,0.0,0.0,2019-10-02 13:06:55,拖网
11,29.83983333333333,122.2974722222222,0.0,0.0,2019-10-02 13:16:55,拖网
11,29.839972222222237,122.2974722222222,0.2,0.0,2019-10-02 13:26:55,拖网
11,29.839944444444445,122.2975,0.0,0.0,2019-10-02 13:36:55,拖网
11,29.83991666666667,122.29744444444444,0.2,0.0,2019-10-02 13:46:55,拖网
11,29.839972222222237,122.2974722222222,0.0,0.0,2019-10-02 13:56:55,拖网
11,29.83991666666667,122.2974722222222,0.1,0.0,2019-10-02 14:06:55,拖网
11,29.83991666666667,122.29752777777776,0.0,0.0,2019-10-02 14:26:55,拖网
11,29.839944444444445,122.29752777777776,0.1,0.0,2019-10-02 14:36:55,拖网
11,29.83991666666667,122.29758333333334,0.1,0.0,2019-10-02 14:46:56,拖网
11,29.839972222222237,122.29758333333334,0.0,0.0,2019-10-02 14:57:24,拖网
11,29.839972222222237,122.29752777777776,0.0,0.0,2019-10-02 15:06:54,拖网
11,29.839944444444445,122.29755555555556,0.0,0.0,2019-10-02 15:16:54,拖网
11,29.83991666666667,122.29761111111112,0.0,0.0,2019-10-02 15:26:54,拖网
11,29.839944444444445,122.29755555555556,0.0,0.0,2019-10-02 15:36:54,拖网
11,29.839972222222237,122.29761111111112,0.0,0.0,2019-10-02 15:46:54,拖网
11,29.83988888888889,122.29761111111112,0.1,0.0,2019-10-02 15:56:54,拖网
11,29.83988888888889,122.29758333333334,0.0,0.0,2019-10-02 16:06:54,拖网
11,29.839861111111112,122.2974722222222,0.1,0.0,2019-10-02 16:16:54,拖网
11,29.839972222222237,122.29755555555556,0.0,0.0,2019-10-02 16:26:54,拖网
11,29.83988888888889,122.29741666666666,0.1,0.0,2019-10-02 16:36:54,拖网
11,29.839944444444445,122.2974722222222,0.1,0.0,2019-10-02 16:46:54,拖网
11,29.83969444444445,122.29761111111112,0.0,0.0,2019-10-02 17:06:54,拖网
11,29.83977777777777,122.29761111111112,0.1,0.0,2019-10-02 17:16:56,拖网
11,29.839861111111112,122.29752777777776,0.0,0.0,2019-10-02 17:27:24,拖网
11,29.83988888888889,122.29758333333334,0.0,0.0,2019-10-02 17:36:54,拖网
11,29.83988888888889,122.29758333333334,0.0,0.0,2019-10-02 17:46:54,拖网
11,29.83991666666667,122.29755555555556,0.0,0.0,2019-10-02 17:56:54,拖网
11,29.839972222222237,122.29752777777776,0.0,0.0,2019-10-02 18:06:54,拖网
11,29.83991666666667,122.29752777777776,0.0,0.0,2019-10-02 18:16:54,拖网
11,29.839944444444445,122.29761111111112,0.4,0.0,2019-10-02 18:26:54,拖网
11,29.83983333333333,122.29752777777776,0.1,0.0,2019-10-02 18:36:54,拖网
11,29.839861111111112,122.29752777777776,0.0,0.0,2019-10-02 18:46:54,拖网
11,29.83988888888889,122.2975,0.0,0.0,2019-10-02 18:56:54,拖网
11,29.839861111111112,122.2975,0.0,0.0,2019-10-02 19:06:54,拖网
11,29.83983333333333,122.29752777777776,0.1,0.0,2019-10-02 19:16:54,拖网
11,29.83983333333333,122.29752777777776,0.0,0.0,2019-10-02 19:26:54,拖网
11,29.839805555555557,122.29758333333334,0.0,0.0,2019-10-02 19:36:53,拖网
11,29.839805555555557,122.29758333333334,0.1,0.0,2019-10-02 19:46:53,拖网
11,29.83972222222221,122.29780555555556,0.9,145.0,2019-10-02 19:56:53,拖网
11,29.839861111111112,122.29752777777776,0.0,0.0,2019-10-02 20:07:23,拖网
11,29.839861111111112,122.29744444444444,0.0,0.0,2019-10-02 20:16:53,拖网
11,29.839861111111112,122.2974722222222,0.1,0.0,2019-10-02 20:26:53,拖网
11,29.83983333333333,122.29744444444444,0.0,0.0,2019-10-02 20:36:53,拖网
11,29.839805555555557,122.29744444444444,0.0,0.0,2019-10-02 20:46:53,拖网
11,29.83983333333333,122.2974722222222,0.0,0.0,2019-10-02 20:56:53,拖网
11,29.83983333333333,122.2974722222222,0.0,0.0,2019-10-02 21:06:53,拖网
11,29.839944444444445,122.2974722222222,0.0,0.0,2019-10-02 21:16:55,拖网
11,29.83983333333333,122.29755555555556,0.1,0.0,2019-10-02 21:26:53,拖网
11,29.839805555555557,122.29758333333334,0.0,0.0,2019-10-02 21:36:53,拖网
11,29.83988888888889,122.29761111111112,0.1,0.0,2019-10-02 21:46:53,拖网
11,29.839861111111112,122.2974722222222,0.2,0.0,2019-10-02 21:56:53,拖网
11,29.839861111111112,122.2974722222222,4.5,339.0,2019-10-02 22:06:53,拖网
11,29.83991666666667,122.2974722222222,0.6,341.0,2019-10-02 22:16:53,拖网
11,29.839944444444445,122.2974722222222,1.2,342.0,2019-10-02 22:26:53,拖网
11,29.83983333333333,122.2975,0.0,0.0,2019-10-02 22:37:26,拖网
11,29.839861111111112,122.2974722222222,0.0,0.0,2019-10-02 22:56:53,拖网
11,29.839861111111112,122.29744444444444,0.0,0.0,2019-10-02 23:06:53,拖网
11,29.839805555555557,122.29752777777776,0.0,0.0,2019-10-02 23:16:53,拖网
11,29.83983333333333,122.29752777777776,0.0,0.0,2019-10-02 23:26:53,拖网
11,29.839861111111112,122.2975,0.0,0.0,2019-10-02 23:36:53,拖网
11,29.839861111111112,122.2975,0.1,0.0,2019-10-02 23:46:54,拖网
11,29.839805555555557,122.29752777777776,0.1,0.0,2019-10-02 23:57:24,拖网
11,29.83983333333333,122.29752777777776,0.0,0.0,2019-10-03 00:06:52,拖网
11,29.83983333333333,122.2974722222222,0.1,0.0,2019-10-03 00:16:52,拖网
11,29.839805555555557,122.29741666666666,0.1,0.0,2019-10-03 00:26:52,拖网
11,29.83983333333333,122.2974722222222,0.1,0.0,2019-10-03 00:36:52,拖网
11,29.839861111111112,122.2975,0.0,0.0,2019-10-03 00:46:52,拖网
11,29.83988888888889,122.29744444444444,0.0,0.0,2019-10-03 00:56:52,拖网
11,29.839861111111112,122.2974722222222,0.0,0.0,2019-10-03 01:06:52,拖网
11,29.839861111111112,122.29744444444444,0.1,0.0,2019-10-03 01:16:52,拖网
11,29.839861111111112,122.29744444444444,0.0,0.0,2019-10-03 01:26:53,拖网
11,29.839861111111112,122.2974722222222,0.1,0.0,2019-10-03 01:36:52,拖网
11,29.839861111111112,122.2974722222222,0.1,0.0,2019-10-03 01:46:52,拖网
11,29.83977777777777,122.29755555555556,0.1,0.0,2019-10-03 01:56:52,拖网
11,29.839861111111112,122.2975,0.0,0.0,2019-10-03 02:07:23,拖网
11,29.839805555555557,122.29744444444444,0.0,0.0,2019-10-03 02:16:52,拖网
11,29.839805555555557,122.2974722222222,0.0,0.0,2019-10-03 02:26:52,拖网
11,29.839805555555557,122.2974722222222,0.1,0.0,2019-10-03 02:36:52,拖网
11,29.839805555555557,122.2975,0.0,0.0,2019-10-03 02:46:52,拖网
11,29.83983333333333,122.29755555555556,0.0,0.0,2019-10-03 02:56:52,拖网
11,29.83983333333333,122.29752777777776,0.2,0.0,2019-10-03 03:06:52,拖网
11,29.83983333333333,122.2975,0.0,0.0,2019-10-03 03:16:52,拖网
11,29.83983333333333,122.2975,0.0,0.0,2019-10-03 03:26:52,拖网
11,29.83983333333333,122.2975,0.0,0.0,2019-10-03 03:36:52,拖网
11,29.839861111111112,122.2975,0.1,0.0,2019-10-03 03:46:52,拖网
11,29.839861111111112,122.29752777777776,0.0,0.0,2019-10-03 03:56:52,拖网
11,29.83975,122.2974722222222,0.1,0.0,2019-10-03 04:06:52,拖网
11,29.839861111111112,122.29741666666666,0.2,0.0,2019-10-03 04:16:52,拖网
11,29.83983333333333,122.2974722222222,0.3,0.0,2019-10-03 04:26:52,拖网
11,29.839861111111112,122.2975,0.4,0.0,2019-10-03 04:36:52,拖网
11,29.83988888888889,122.29738888888888,0.2,0.0,2019-10-03 04:46:52,拖网
11,29.83983333333333,122.2975,0.2,0.0,2019-10-03 04:56:53,拖网
11,29.83961111111111,122.29775,0.1,0.0,2019-10-03 05:06:55,拖网
11,29.839944444444445,122.29733333333331,0.7,107.0,2019-10-03 05:16:51,拖网
11,29.839944444444445,122.29738888888888,1.4,131.0,2019-10-03 05:26:51,拖网
11,29.83988888888889,122.29741666666666,0.6,126.0,2019-10-03 05:36:51,拖网
11,29.840027777777767,122.29722222222222,0.4,126.0,2019-10-03 05:46:51,拖网
11,29.83988888888889,122.2974722222222,0.4,0.0,2019-10-03 05:56:51,拖网
11,29.839861111111112,122.2974722222222,0.0,0.0,2019-10-03 06:07:23,拖网
11,29.83988888888889,122.2974722222222,0.1,0.0,2019-10-03 06:16:51,拖网
11,29.83983333333333,122.2975,0.0,0.0,2019-10-03 06:36:51,拖网
11,29.839861111111112,122.29744444444444,0.0,0.0,2019-10-03 06:46:51,拖网
11,29.84072222222222,122.29305555555555,0.2,0.0,2019-10-03 06:56:51,拖网
11,29.84083333333333,122.293,0.4,0.0,2019-10-03 07:06:52,拖网
11,29.84069444444444,122.29311111111112,0.3,0.0,2019-10-03 07:16:51,拖网
11,29.84063888888889,122.29308333333331,0.2,0.0,2019-10-03 07:26:51,拖网
11,29.840777777777767,122.29297222222222,0.2,0.0,2019-10-03 07:46:51,拖网
11,29.840777777777767,122.29305555555555,0.2,0.0,2019-10-03 07:56:51,拖网
11,29.84086111111111,122.29297222222222,0.2,0.0,2019-10-03 08:06:51,拖网
11,29.840611111111112,122.29313888888888,1.9,348.0,2019-10-03 08:16:51,拖网
11,29.843027777777767,122.30569444444444,8.8,70.0,2019-10-03 08:26:53,拖网
11,29.842111111111112,122.32975,8.2,88.0,2019-10-03 08:36:54,拖网
11,29.831722222222236,122.35,7.9,108.0,2019-10-03 08:46:51,拖网
11,29.82697222222221,122.37297222222222,7.9,76.0,2019-10-03 08:56:52,拖网
11,29.82622222222221,122.39825,8.1,85.0,2019-10-03 09:06:52,拖网
11,29.82630555555556,122.4202222222222,5.2,100.0,2019-10-03 09:17:01,拖网
11,29.825888888888887,122.44052777777776,5.8,77.0,2019-10-03 09:27:24,拖网
11,29.82577777777778,122.45863888888888,6.5,91.0,2019-10-03 09:36:50,拖网
11,29.82702777777777,122.47669444444443,6.4,87.0,2019-10-03 09:46:51,拖网
11,29.827305555555554,122.49711111111112,6.2,82.0,2019-10-03 09:57:01,拖网
11,29.826722222222237,122.53705555555555,7.7,140.0,2019-10-03 10:16:50,拖网
11,29.83663888888889,122.57505555555556,7.2,55.0,2019-10-03 10:36:50,拖网
11,29.84725,122.5937222222222,6.8,62.0,2019-10-03 10:46:50,拖网
11,29.85533333333333,122.61438888888888,6.9,68.0,2019-10-03 10:56:50,拖网
11,29.869527777777765,122.65633333333334,7.2,69.0,2019-10-03 11:16:59,拖网
11,29.876166666666663,122.67872222222222,7.4,78.0,2019-10-03 11:27:01,拖网
11,29.886555555555557,122.72391666666668,7.2,77.0,2019-10-03 11:47:18,拖网
11,29.890916666666666,122.7450277777778,7.3,80.0,2019-10-03 11:56:50,拖网
11,29.895777777777766,122.7672777777778,7.0,84.0,2019-10-03 12:06:50,拖网
11,29.90608333333333,122.81283333333332,7.0,79.0,2019-10-03 12:26:50,拖网
11,29.90688888888889,122.83511111111108,6.1,87.0,2019-10-03 12:36:49,拖网
11,29.91225,122.85855555555555,7.2,69.0,2019-10-03 12:46:49,拖网
11,29.91675,122.88302777777776,7.8,80.0,2019-10-03 12:56:49,拖网
11,29.92216666666667,122.90783333333334,8.4,66.0,2019-10-03 13:06:49,拖网
11,29.92830555555556,122.93333333333334,8.5,74.0,2019-10-03 13:16:49,拖网
11,29.93827777777778,122.98519444444445,8.4,67.0,2019-10-03 13:36:49,拖网
11,29.94330555555556,123.01105555555556,8.5,76.0,2019-10-03 13:46:49,拖网
11,29.94755555555556,123.03691666666666,8.5,70.0,2019-10-03 13:56:49,拖网
11,29.9525,123.0649722222222,8.6,79.0,2019-10-03 14:07:29,拖网
11,29.957555555555555,123.09013888888887,8.2,71.0,2019-10-03 14:16:50,拖网
11,29.961861111111112,123.10922222222224,4.4,344.0,2019-10-03 14:26:48,拖网
11,29.969638888888888,123.1337777777778,9.3,73.0,2019-10-03 14:36:48,拖网
11,29.97516666666667,123.16216666666666,7.5,74.0,2019-10-03 14:46:48,拖网
11,29.981361111111116,123.19008333333332,8.9,70.0,2019-10-03 14:56:48,拖网
11,29.98863888888889,123.21741666666668,9.1,67.0,2019-10-03 15:06:48,拖网
11,29.991,123.24541666666666,8.7,92.0,2019-10-03 15:16:48,拖网
11,29.99733333333333,123.26969444444444,8.8,79.0,2019-10-03 15:26:50,拖网
11,30.00469444444445,123.29777777777778,8.3,71.0,2019-10-03 15:37:17,拖网
11,30.011333333333337,123.32375,8.9,70.0,2019-10-03 15:46:48,拖网
11,30.018527777777766,123.35105555555556,8.9,69.0,2019-10-03 15:56:48,拖网
11,30.026,123.37777777777777,8.8,74.0,2019-10-03 16:06:48,拖网
11,30.032916666666665,123.40486111111112,8.8,75.0,2019-10-03 16:16:48,拖网
11,30.03933333333333,123.43200000000002,8.9,78.0,2019-10-03 16:26:48,拖网
11,30.045666666666666,123.45919444444444,8.4,77.0,2019-10-03 16:36:48,拖网
11,30.052111111111117,123.48644444444444,8.5,68.0,2019-10-03 16:46:48,拖网
11,30.05880555555556,123.51383333333334,9.1,81.0,2019-10-03 16:56:48,拖网
11,30.066527777777782,123.54061111111112,8.8,68.0,2019-10-03 17:06:48,拖网
11,30.07283333333333,123.56736111111108,8.0,70.0,2019-10-03 17:16:48,拖网
11,30.08091666666667,123.59383333333332,8.9,61.0,2019-10-03 17:26:48,拖网
11,30.089277777777767,123.62138888888887,9.1,68.0,2019-10-03 17:36:48,拖网
11,30.09788888888889,123.64908333333334,8.4,62.0,2019-10-03 17:46:48,拖网
11,30.10988888888889,123.67330555555556,8.3,62.0,2019-10-03 17:56:48,拖网
11,30.12161111111111,123.69894444444444,8.7,64.0,2019-10-03 18:07:16,拖网
11,30.142194444444453,123.74733333333332,8.8,65.0,2019-10-03 18:26:48,拖网
11,30.179861111111112,123.81316666666666,9.5,50.0,2019-10-03 18:56:47,拖网
11,30.19536111111111,123.83216666666668,7.3,46.0,2019-10-03 19:06:48,拖网
11,30.21094444444445,123.85238888888888,6.1,55.0,2019-10-03 19:17:12,拖网
11,30.225361111111116,123.87105555555556,8.8,53.0,2019-10-03 19:26:47,拖网
11,30.24083333333333,123.8895,7.8,52.0,2019-10-03 19:36:47,拖网
11,30.256,123.90797222222224,7.9,47.0,2019-10-03 19:46:47,拖网
11,30.273166666666665,123.92322222222224,7.1,26.0,2019-10-03 19:56:47,拖网
11,30.29227777777778,123.93586111111112,7.8,41.0,2019-10-03 20:06:47,拖网
11,30.31069444444445,123.94925,7.9,35.0,2019-10-03 20:16:47,拖网
11,30.349305555555556,123.9699722222222,7.2,14.0,2019-10-03 20:36:47,拖网
11,30.358694444444453,123.9695,1.6,138.0,2019-10-03 20:46:47,拖网
11,30.366194444444453,123.96466666666667,2.3,340.0,2019-10-03 20:56:47,拖网
11,30.37238888888889,123.96225,3.0,324.0,2019-10-03 21:06:47,拖网
11,30.37886111111111,123.95961111111112,1.9,76.0,2019-10-03 21:16:47,拖网
11,30.38533333333333,123.95683333333334,2.7,334.0,2019-10-03 21:26:47,拖网
11,30.391805555555557,123.95161111111106,2.6,324.0,2019-10-03 21:36:47,拖网
11,30.398055555555555,123.94575,2.7,323.0,2019-10-03 21:46:59,拖网
11,30.40397222222222,123.94083333333332,2.9,324.0,2019-10-03 21:56:47,拖网
11,30.410666666666664,123.93591666666669,2.7,326.0,2019-10-03 22:07:17,拖网
11,30.41680555555555,123.93138888888888,2.8,334.0,2019-10-03 22:16:47,拖网
11,30.42330555555556,123.92694444444444,2.9,323.0,2019-10-03 22:26:47,拖网
11,30.42980555555556,123.92236111111112,2.7,335.0,2019-10-03 22:36:47,拖网
11,30.43630555555556,123.91797222222225,2.4,337.0,2019-10-03 22:46:47,拖网
11,30.442972222222235,123.91369444444445,3.9,333.0,2019-10-03 22:56:48,拖网
11,30.449638888888888,123.90963888888888,2.8,340.0,2019-10-03 23:06:47,拖网
11,30.456416666666662,123.9057777777778,2.5,332.0,2019-10-03 23:16:47,拖网
11,30.462972222222238,123.90172222222223,2.4,332.0,2019-10-03 23:26:47,拖网
11,30.46961111111111,123.89783333333337,2.3,334.0,2019-10-03 23:36:46,拖网
11,30.47647222222221,123.8937222222222,3.1,326.0,2019-10-03 23:46:59,拖网
11,30.48258333333333,123.88891666666667,2.6,323.0,2019-10-03 23:56:59,拖网
11,30.489,123.8845277777778,2.5,334.0,2019-10-04 00:06:58,拖网
11,30.495222222222232,123.88036111111111,2.9,334.0,2019-10-04 00:16:46,拖网
11,30.501666666666665,123.87652777777777,2.5,318.0,2019-10-04 00:26:46,拖网
11,30.50825,123.87305555555557,2.6,328.0,2019-10-04 00:36:46,拖网
11,30.51475,123.86961111111113,2.6,347.0,2019-10-04 00:46:48,拖网
11,30.520611111111112,123.86538888888887,2.2,318.0,2019-10-04 00:56:46,拖网
11,30.527027777777768,123.86188888888888,2.6,334.0,2019-10-04 01:06:47,拖网
11,30.53380555555556,123.85925,1.8,334.0,2019-10-04 01:16:46,拖网
11,30.53994444444445,123.85575,2.0,329.0,2019-10-04 01:26:46,拖网
11,30.546,123.85241666666666,2.0,338.0,2019-10-04 01:36:47,拖网
11,30.55258333333333,123.85,2.0,353.0,2019-10-04 01:46:46,拖网
11,30.552777777777766,123.85258333333331,2.8,106.0,2019-10-04 01:56:58,拖网
11,30.55441666666667,123.85641666666666,2.4,126.0,2019-10-04 02:06:46,拖网
11,30.556527777777767,123.85941666666666,1.8,356.0,2019-10-04 02:16:46,拖网
11,30.55863888888889,123.86275,1.5,55.0,2019-10-04 02:26:48,拖网
11,30.55102777777779,123.87888888888888,7.9,146.0,2019-10-04 02:36:46,拖网
11,30.53341666666667,123.89236111111111,7.5,154.0,2019-10-04 02:46:47,拖网
11,30.517138888888887,123.90825,8.9,126.0,2019-10-04 02:56:46,拖网
11,30.49958333333333,123.92111111111112,8.8,135.0,2019-10-04 03:06:46,拖网
11,30.480666666666664,123.93186111111112,8.1,165.0,2019-10-04 03:16:58,拖网
11,30.46027777777777,123.94083333333332,7.8,165.0,2019-10-04 03:26:46,拖网
11,30.43919444444445,123.95055555555555,8.4,147.0,2019-10-04 03:36:46,拖网
11,30.41808333333333,123.96005555555556,8.5,150.0,2019-10-04 03:46:46,拖网
11,30.397277777777767,123.96005555555556,8.6,177.0,2019-10-04 03:56:46,拖网
11,30.39008333333333,123.96566666666666,3.9,164.0,2019-10-04 04:06:59,拖网
11,30.38002777777777,123.96805555555557,2.4,164.0,2019-10-04 04:16:45,拖网
11,30.3735,123.96875,1.9,181.0,2019-10-04 04:26:46,拖网
11,30.366888888888887,123.96955555555556,2.8,165.0,2019-10-04 04:36:45,拖网
11,30.360222222222237,123.97138888888892,2.2,175.0,2019-10-04 04:46:45,拖网
11,30.353583333333336,123.97430555555556,2.9,161.0,2019-10-04 04:56:45,拖网
11,30.34697222222222,123.97752777777778,2.5,149.0,2019-10-04 05:06:45,拖网
11,30.340277777777768,123.98083333333334,2.2,163.0,2019-10-04 05:16:45,拖网
11,30.33344444444444,123.984,2.6,156.0,2019-10-04 05:26:45,拖网
11,30.326611111111117,123.98736111111111,2.4,158.0,2019-10-04 05:36:45,拖网
11,30.319805555555558,123.99075,2.6,160.0,2019-10-04 05:46:45,拖网
11,30.312916666666663,123.99408333333334,1.9,158.0,2019-10-04 05:56:45,拖网
11,30.30580555555556,123.99716666666669,2.7,159.0,2019-10-04 06:06:58,拖网
11,30.299138888888887,124.00027777777778,1.7,166.0,2019-10-04 06:16:45,拖网
11,30.2925,124.00344444444444,2.0,144.0,2019-10-04 06:26:45,拖网
11,30.286,124.00666666666666,1.9,149.0,2019-10-04 06:36:45,拖网
11,30.279277777777768,124.00975,1.2,0.0,2019-10-04 06:46:45,拖网
11,30.272666666666662,124.01283333333332,2.2,153.0,2019-10-04 06:56:52,拖网
11,30.266111111111112,124.01583333333332,2.7,148.0,2019-10-04 07:06:59,拖网
11,30.25991666666667,124.01880555555556,2.7,147.0,2019-10-04 07:16:45,拖网
11,30.25375,124.02177777777776,2.8,146.0,2019-10-04 07:26:45,拖网
11,30.24752777777778,124.02466666666666,2.7,166.0,2019-10-04 07:36:45,拖网
11,30.24088888888889,124.0264722222222,1.7,159.0,2019-10-04 07:46:45,拖网
11,30.234277777777766,124.02825,2.6,160.0,2019-10-04 07:56:45,拖网
11,30.22794444444445,124.03030555555556,2.2,174.0,2019-10-04 08:06:45,拖网
11,30.22169444444444,124.03216666666668,1.9,159.0,2019-10-04 08:16:45,拖网
11,30.2155,124.03380555555556,2.3,169.0,2019-10-04 08:26:45,拖网
11,30.21344444444444,124.02811111111112,0.9,247.0,2019-10-04 08:56:44,拖网
11,30.21305555555556,124.02619444444444,0.5,0.0,2019-10-04 09:06:44,拖网
11,30.19897222222221,124.0299722222222,8.0,175.0,2019-10-04 09:16:44,拖网
11,30.17708333333333,124.03319444444443,7.4,167.0,2019-10-04 09:26:44,拖网
11,30.16036111111111,124.04708333333332,7.7,131.0,2019-10-04 09:36:44,拖网
11,30.152,124.06208333333332,1.1,15.0,2019-10-04 09:46:44,拖网
11,30.15983333333333,124.06005555555556,2.5,0.0,2019-10-04 09:56:44,拖网
11,30.1665,124.05902777777776,2.7,0.0,2019-10-04 10:06:44,拖网
11,30.17308333333333,124.05761111111109,2.5,356.0,2019-10-04 10:16:44,拖网
11,30.17980555555556,124.05616666666668,2.6,4.0,2019-10-04 10:26:44,拖网
11,30.186777777777767,124.05497222222222,2.6,0.0,2019-10-04 10:36:47,拖网
11,30.194222222222223,124.05352777777776,2.6,352.0,2019-10-04 10:46:59,拖网
11,30.20119444444445,124.05230555555556,2.6,359.0,2019-10-04 10:56:44,拖网
11,30.208416666666665,124.05066666666666,2.8,344.0,2019-10-04 11:06:44,拖网
11,30.21563888888889,124.04875,2.7,338.0,2019-10-04 11:16:44,拖网
11,30.22294444444444,124.04691666666666,2.6,352.0,2019-10-04 11:26:44,拖网
11,30.23022222222221,124.04508333333334,3.0,0.0,2019-10-04 11:36:44,拖网
11,30.237361111111117,124.04238888888894,2.8,350.0,2019-10-04 11:46:44,拖网
11,30.2445,124.03933333333332,2.6,345.0,2019-10-04 11:56:44,拖网
11,30.25133333333333,124.0360277777778,2.7,354.0,2019-10-04 12:06:44,拖网
11,30.25836111111111,124.03333333333332,2.6,344.0,2019-10-04 12:16:44,拖网
11,30.265666666666664,124.03088888888892,3.2,356.0,2019-10-04 12:26:45,拖网
11,30.27255555555555,124.02788888888888,2.6,333.0,2019-10-04 12:36:59,拖网
11,30.27938888888889,124.02561111111112,2.6,338.0,2019-10-04 12:46:44,拖网
11,30.286444444444445,124.02341666666666,2.7,332.0,2019-10-04 12:56:44,拖网
11,30.29344444444445,124.02144444444444,2.6,345.0,2019-10-04 13:06:44,拖网
11,30.30011111111111,124.01861111111111,2.8,354.0,2019-10-04 13:16:44,拖网
11,30.306555555555555,124.01575,2.6,351.0,2019-10-04 13:26:44,拖网
11,30.31327777777778,124.01330555555556,2.6,347.0,2019-10-04 13:36:44,拖网
11,30.319944444444445,124.01091666666667,2.5,340.0,2019-10-04 13:46:43,拖网
11,30.326472222222232,124.00888888888888,2.5,345.0,2019-10-04 13:56:43,拖网
11,30.33308333333333,124.00691666666664,2.5,335.0,2019-10-04 14:06:43,拖网
11,30.339555555555556,124.00522222222222,2.3,346.0,2019-10-04 14:16:43,拖网
11,30.346,124.00375,2.6,339.0,2019-10-04 14:26:43,拖网
11,30.35230555555556,124.00252777777776,2.3,359.0,2019-10-04 14:36:43,拖网
11,30.357138888888887,124.00236111111109,1.8,170.0,2019-10-04 14:46:44,拖网
11,30.35597222222221,124.00491666666667,2.8,45.0,2019-10-04 14:56:59,拖网
11,30.358000000000004,124.00713888888887,0.3,0.0,2019-10-04 15:06:43,拖网
11,30.36030555555556,124.0095,1.4,0.0,2019-10-04 15:16:44,拖网
11,30.36794444444445,123.99788888888894,8.1,293.0,2019-10-04 15:26:43,拖网
11,30.376777777777782,123.9757777777778,8.9,312.0,2019-10-04 15:36:44,拖网
11,30.39477777777777,123.95969444444444,4.7,293.0,2019-10-04 15:46:59,拖网
11,30.38877777777777,123.96044444444443,4.1,166.0,2019-10-04 15:56:43,拖网
11,30.38269444444445,123.96211111111111,2.4,152.0,2019-10-04 16:06:43,拖网
11,30.37669444444445,123.96391666666666,2.2,166.0,2019-10-04 16:16:43,拖网
11,30.37058333333333,123.96577777777776,2.3,170.0,2019-10-04 16:26:43,拖网
11,30.36438888888889,123.9675,2.0,175.0,2019-10-04 16:36:43,拖网
11,30.35802777777778,123.9694722222222,2.1,162.0,2019-10-04 16:46:43,拖网
11,30.35158333333333,123.97186111111112,2.1,163.0,2019-10-04 16:56:43,拖网
11,30.34502777777777,123.97438888888888,3.0,156.0,2019-10-04 17:06:43,拖网
11,30.33830555555556,123.97736111111112,2.9,158.0,2019-10-04 17:16:59,拖网
11,30.331944444444453,123.98086111111112,2.6,148.0,2019-10-04 17:26:43,拖网
11,30.32533333333333,123.9844722222222,2.5,149.0,2019-10-04 17:36:43,拖网
11,30.31875,123.98841666666668,2.5,155.0,2019-10-04 17:46:43,拖网
11,30.31219444444445,123.99252777777778,2.6,154.0,2019-10-04 17:56:43,拖网
11,30.305222222222238,123.99544444444444,2.3,159.0,2019-10-04 18:06:43,拖网
11,30.29819444444445,123.99830555555556,2.8,167.0,2019-10-04 18:16:43,拖网
11,30.29116666666667,124.00113888888887,2.5,159.0,2019-10-04 18:26:42,拖网
11,30.28408333333333,124.00330555555556,2.6,169.0,2019-10-04 18:36:42,拖网
11,30.277,124.00552777777776,2.4,165.0,2019-10-04 18:46:43,拖网
11,30.269972222222236,124.00766666666668,2.4,165.0,2019-10-04 18:56:42,拖网
11,30.26308333333333,124.00991666666668,2.6,163.0,2019-10-04 19:06:42,拖网
11,30.256166666666665,124.01194444444444,1.8,157.0,2019-10-04 19:16:42,拖网
11,30.249305555555555,124.01405555555556,2.6,160.0,2019-10-04 19:26:42,拖网
11,30.24258333333333,124.01622222222224,2.4,165.0,2019-10-04 19:36:42,拖网
11,30.235861111111117,124.01825,2.4,164.0,2019-10-04 19:46:42,拖网
11,30.22919444444444,124.02019444444444,2.6,160.0,2019-10-04 19:56:42,拖网
11,30.22241666666667,124.02158333333334,2.3,170.0,2019-10-04 20:06:58,拖网
11,30.216,124.02294444444443,2.6,164.0,2019-10-04 20:16:42,拖网
11,30.20947222222221,124.02380555555555,2.1,179.0,2019-10-04 20:26:42,拖网
11,30.202805555555557,124.02291666666666,2.2,187.0,2019-10-04 20:36:42,拖网
11,30.196388888888887,124.02177777777776,2.3,187.0,2019-10-04 20:46:42,拖网
11,30.19113888888889,124.02022222222222,2.0,8.0,2019-10-04 20:56:42,拖网
11,30.19377777777777,124.02169444444444,2.4,185.0,2019-10-04 21:06:42,拖网
11,30.19333333333333,124.01947222222222,0.7,245.0,2019-10-04 21:16:42,拖网
11,30.19308333333333,124.018,1.5,274.0,2019-10-04 21:26:42,拖网
11,30.18708333333333,124.01866666666668,7.3,189.0,2019-10-04 21:36:42,拖网
11,30.170972222222236,124.02491666666668,3.3,95.0,2019-10-04 21:46:42,拖网
11,30.177027777777766,124.02113888888888,2.5,321.0,2019-10-04 21:56:42,拖网
11,30.18311111111111,124.01716666666668,2.5,328.0,2019-10-04 22:06:42,拖网
11,30.189083333333336,124.0125,2.6,322.0,2019-10-04 22:16:42,拖网
11,30.19541666666667,124.00891666666666,2.4,332.0,2019-10-04 22:26:42,拖网
11,30.20169444444444,124.005,2.9,327.0,2019-10-04 22:36:42,拖网
11,30.208111111111112,124.00111111111111,2.6,334.0,2019-10-04 22:46:42,拖网
11,30.21463888888889,123.99713888888893,2.7,339.0,2019-10-04 22:56:42,拖网
11,30.22122222222222,123.99316666666668,2.8,339.0,2019-10-04 23:06:41,拖网
11,30.22783333333333,123.98908333333334,2.8,325.0,2019-10-04 23:16:41,拖网
11,30.234472222222237,123.98502777777776,3.0,333.0,2019-10-04 23:26:41,拖网
11,30.241222222222238,123.98102777777778,2.7,338.0,2019-10-04 23:36:41,拖网
11,30.24827777777778,123.97705555555557,2.6,334.0,2019-10-04 23:46:58,拖网
11,30.255138888888887,123.97327777777778,2.9,340.0,2019-10-04 23:56:59,拖网
11,30.26183333333333,123.96975,2.7,337.0,2019-10-05 00:06:41,拖网
11,30.26875,123.96625,3.0,345.0,2019-10-05 00:16:42,拖网
11,30.27575,123.96283333333334,3.3,343.0,2019-10-05 00:26:41,拖网
11,30.28258333333333,123.9595,2.9,330.0,2019-10-05 00:36:46,拖网
11,30.28941666666667,123.95633333333332,2.6,340.0,2019-10-05 00:46:42,拖网
11,30.29616666666667,123.9532777777778,2.7,345.0,2019-10-05 00:56:41,拖网
11,30.303,123.95036111111112,2.9,343.0,2019-10-05 01:06:41,拖网
11,30.309972222222232,123.94761111111112,3.1,339.0,2019-10-05 01:16:41,拖网
11,30.316944444444445,123.94513888888888,2.9,332.0,2019-10-05 01:26:41,拖网
11,30.323888888888888,123.94272222222224,2.3,338.0,2019-10-05 01:36:41,拖网
11,30.33080555555556,123.94038888888888,2.3,347.0,2019-10-05 01:46:41,拖网
11,30.34472222222222,123.93611111111112,1.9,343.0,2019-10-05 02:06:59,拖网
11,30.35130555555556,123.93430555555555,2.0,355.0,2019-10-05 02:16:43,拖网
11,30.357888888888887,123.93263888888887,2.2,324.0,2019-10-05 02:26:43,拖网
11,30.364527777777766,123.93113888888894,1.9,353.0,2019-10-05 02:36:41,拖网
11,30.371388888888887,123.9309722222222,2.6,9.0,2019-10-05 02:46:41,拖网
11,30.378277777777782,123.9312777777778,2.1,4.0,2019-10-05 02:56:41,拖网
11,30.379166666666663,123.93230555555556,2.5,141.0,2019-10-05 03:06:59,拖网
11,30.37983333333333,123.93422222222225,0.3,0.0,2019-10-05 03:16:40,拖网
11,30.38125,123.9365,0.7,58.0,2019-10-05 03:26:40,拖网
11,30.38275,123.93911111111112,0.8,53.0,2019-10-05 03:36:40,拖网
11,30.38411111111111,123.94222222222224,1.5,55.0,2019-10-05 03:46:40,拖网
11,30.385416666666664,123.94555555555556,1.2,59.0,2019-10-05 03:56:40,拖网
11,30.36883333333333,123.94747222222222,7.3,180.0,2019-10-05 04:06:40,拖网
11,30.34847222222221,123.94758333333334,6.9,178.0,2019-10-05 04:16:39,拖网
11,30.328138888888887,123.94958333333334,7.4,165.0,2019-10-05 04:26:39,拖网
11,30.307722222222232,123.95325,7.5,170.0,2019-10-05 04:36:40,拖网
11,30.28705555555556,123.95666666666666,7.2,168.0,2019-10-05 04:46:39,拖网
11,30.265888888888888,123.95966666666666,8.5,165.0,2019-10-05 04:56:39,拖网
11,30.244083333333336,123.96261111111112,7.8,173.0,2019-10-05 05:06:39,拖网
11,30.221805555555548,123.96594444444445,8.2,173.0,2019-10-05 05:16:40,拖网
11,30.20044444444445,123.97494444444445,8.4,144.0,2019-10-05 05:26:40,拖网
11,30.18077777777778,123.9905,8.7,130.0,2019-10-05 05:36:39,拖网
11,30.16233333333333,124.00486111111113,6.6,162.0,2019-10-05 05:46:39,拖网
11,30.15211111111111,124.00897222222224,0.7,28.0,2019-10-05 05:56:39,拖网
11,30.144388888888887,124.01580555555556,2.3,150.0,2019-10-05 06:06:58,拖网
11,30.13825000000001,124.01969444444444,2.5,157.0,2019-10-05 06:16:39,拖网
11,30.132,124.02369444444444,2.6,150.0,2019-10-05 06:26:39,拖网
11,30.125694444444445,124.0277222222222,2.3,157.0,2019-10-05 06:36:39,拖网
11,30.119527777777765,124.0319722222222,2.8,145.0,2019-10-05 06:46:39,拖网
11,30.11355555555556,124.03636111111106,2.7,151.0,2019-10-05 06:56:39,拖网
11,30.10744444444445,124.04080555555556,2.7,157.0,2019-10-05 07:06:39,拖网
11,30.101388888888888,124.0450277777778,2.3,149.0,2019-10-05 07:16:39,拖网
11,30.095555555555556,124.04930555555556,2.4,149.0,2019-10-05 07:26:39,拖网
11,30.08969444444445,124.05352777777776,2.3,139.0,2019-10-05 07:36:39,拖网
11,30.083861111111112,124.05777777777776,2.4,143.0,2019-10-05 07:46:39,拖网
11,30.07791666666667,124.06166666666668,2.4,149.0,2019-10-05 07:56:39,拖网
11,30.07141666666667,124.0645,2.4,150.0,2019-10-05 08:06:39,拖网
11,30.065166666666663,124.06730555555556,2.2,160.0,2019-10-05 08:16:39,拖网
11,30.059027777777786,124.07008333333332,2.2,152.0,2019-10-05 08:26:38,拖网
11,30.04705555555556,124.07547222222222,2.1,154.0,2019-10-05 08:46:38,拖网
11,30.04083333333333,124.07733333333331,2.4,167.0,2019-10-05 08:56:38,拖网
11,30.034527777777782,124.07930555555556,2.3,169.0,2019-10-05 09:06:38,拖网
11,30.02833333333333,124.08130555555556,2.3,171.0,2019-10-05 09:16:38,拖网
11,30.022388888888887,124.08330555555555,2.2,165.0,2019-10-05 09:26:38,拖网
11,30.01972222222221,124.08272222222222,2.0,302.0,2019-10-05 09:36:38,拖网
11,30.01977777777777,124.08069444444445,3.1,311.0,2019-10-05 09:46:38,拖网
11,30.01919444444445,124.08066666666666,0.3,0.0,2019-10-05 09:56:38,拖网
11,30.017666666666663,124.08058333333332,0.5,0.0,2019-10-05 10:06:38,拖网
11,30.01330555555556,124.08580555555557,8.1,100.0,2019-10-05 10:16:38,拖网
11,30.007305555555558,124.11005555555556,7.5,106.0,2019-10-05 10:26:38,拖网
11,30.00086111111111,124.12638888888888,7.9,100.0,2019-10-05 10:36:38,拖网
11,29.99641666666667,124.15,7.2,83.0,2019-10-05 10:46:38,拖网
11,29.99491666666667,124.17358333333333,7.7,99.0,2019-10-05 10:56:41,拖网
11,29.99211111111111,124.1795277777778,1.0,172.0,2019-10-05 11:06:38,拖网
11,29.989722222222237,124.17741666666667,0.8,236.0,2019-10-05 11:16:38,拖网
11,29.987,124.17436111111112,0.6,0.0,2019-10-05 11:26:38,拖网
11,29.984472222222237,124.17105555555555,1.5,218.0,2019-10-05 11:36:38,拖网
11,29.98169444444445,124.16713888888891,1.1,257.0,2019-10-05 11:46:58,拖网
11,29.97919444444444,124.16302777777776,1.6,238.0,2019-10-05 11:56:38,拖网
11,29.989722222222237,124.16219444444444,5.9,356.0,2019-10-05 12:06:38,拖网
11,30.002,124.16283333333334,4.4,358.0,2019-10-05 12:16:38,拖网
11,30.01991666666667,124.16347222222224,5.7,3.0,2019-10-05 12:26:38,拖网
11,30.027527777777767,124.15766666666669,2.6,319.0,2019-10-05 12:36:38,拖网
11,30.032277777777768,124.15238888888894,2.2,302.0,2019-10-05 12:46:38,拖网
11,30.037305555555548,124.14758333333334,2.9,334.0,2019-10-05 12:56:38,拖网
11,30.042638888888888,124.14341666666668,2.4,322.0,2019-10-05 13:06:37,拖网
11,30.047722222222237,124.13897222222224,3.0,308.0,2019-10-05 13:16:37,拖网
11,30.051472222222237,124.13308333333332,2.0,0.0,2019-10-05 13:26:37,拖网
11,30.055194444444453,124.12741666666666,2.2,336.0,2019-10-05 13:36:37,拖网
11,30.058777777777767,124.12175,1.8,317.0,2019-10-05 13:46:37,拖网
11,30.06275,124.11641666666664,2.5,329.0,2019-10-05 13:56:37,拖网
11,30.067472222222207,124.11116666666666,2.2,309.0,2019-10-05 14:07:21,拖网
11,30.071666666666665,124.107,1.8,312.0,2019-10-05 14:16:37,拖网
11,30.080777777777783,124.09819444444445,2.2,337.0,2019-10-05 14:36:37,拖网
11,30.08538888888889,124.0937222222222,2.4,322.0,2019-10-05 14:46:58,拖网
11,30.08958333333333,124.08944444444444,1.6,298.0,2019-10-05 14:56:37,拖网
11,30.094472222222237,124.08572222222222,1.9,314.0,2019-10-05 15:06:37,拖网
11,30.098277777777767,124.08088888888894,2.8,289.0,2019-10-05 15:16:37,拖网
11,30.10141666666667,124.07586111111112,2.0,295.0,2019-10-05 15:26:37,拖网
11,30.10433333333333,124.07091666666666,0.9,293.0,2019-10-05 15:36:39,拖网
11,30.10266666666667,124.0752222222222,1.0,0.0,2019-10-05 15:46:58,拖网
11,30.10163888888889,124.07475,0.5,0.0,2019-10-05 15:56:39,拖网
11,30.09925,124.07366666666668,1.3,0.0,2019-10-05 16:06:37,拖网
11,30.10211111111111,124.06463888888894,5.9,315.0,2019-10-05 16:16:38,拖网
11,30.106361111111116,124.06030555555556,4.2,86.0,2019-10-05 16:26:37,拖网
11,30.09794444444444,124.06944444444444,2.3,0.0,2019-10-05 16:36:42,拖网
11,30.092277777777767,124.07452777777776,2.8,145.0,2019-10-05 16:46:37,拖网
11,30.081805555555555,124.0854722222222,2.5,135.0,2019-10-05 17:06:37,拖网
11,30.07652777777777,124.09113888888888,3.0,144.0,2019-10-05 17:16:37,拖网
11,30.07127777777777,124.09675,2.7,118.0,2019-10-05 17:26:37,拖网
11,30.06580555555556,124.102,2.5,143.0,2019-10-05 17:36:36,拖网
11,30.060222222222237,124.10716666666666,3.0,145.0,2019-10-05 17:46:36,拖网
11,30.05461111111111,124.11236111111108,2.2,142.0,2019-10-05 17:56:38,拖网
11,30.04875,124.11755555555555,2.5,156.0,2019-10-05 18:06:57,拖网
11,30.043111111111116,124.12216666666666,2.3,137.0,2019-10-05 18:16:36,拖网
11,30.037222222222237,124.12683333333334,2.3,153.0,2019-10-05 18:26:36,拖网
11,30.031305555555555,124.13141666666664,3.3,163.0,2019-10-05 18:36:36,拖网
11,30.025416666666665,124.13594444444443,2.4,138.0,2019-10-05 18:46:36,拖网
11,30.019388888888887,124.14033333333334,2.6,166.0,2019-10-05 18:56:36,拖网
11,30.01319444444445,124.14433333333336,2.6,148.0,2019-10-05 19:06:36,拖网
11,30.007,124.14822222222224,2.4,147.0,2019-10-05 19:16:36,拖网
11,30.000916666666665,124.15227777777778,2.4,141.0,2019-10-05 19:26:36,拖网
11,29.994861111111117,124.15633333333334,2.4,165.0,2019-10-05 19:36:36,拖网
11,29.988833333333336,124.16063888888893,2.9,152.0,2019-10-05 19:46:36,拖网
11,29.97744444444445,124.16961111111112,2.8,135.0,2019-10-05 20:06:36,拖网
11,29.96633333333333,124.1785,2.7,135.0,2019-10-05 20:26:36,拖网
11,29.960611111111117,124.18263888888887,3.2,150.0,2019-10-05 20:36:36,拖网
11,29.95633333333333,124.1885277777778,2.6,108.0,2019-10-05 20:46:58,拖网
11,29.952055555555557,124.19386111111106,2.6,156.0,2019-10-05 20:56:36,拖网
11,29.946,124.19725,3.7,184.0,2019-10-05 21:06:36,拖网
11,29.93925,124.1989722222222,2.3,170.0,2019-10-05 21:16:36,拖网
11,29.93863888888889,124.19783333333336,1.7,318.0,2019-10-05 21:26:36,拖网
11,29.93413888888889,124.1929722222222,1.5,248.0,2019-10-05 21:46:36,拖网
11,29.93033333333333,124.1897777777778,2.3,212.0,2019-10-05 21:56:36,拖网
11,29.92613888888889,124.18511111111113,1.9,221.0,2019-10-05 22:07:22,拖网
11,29.93119444444445,124.1927777777778,5.4,87.0,2019-10-05 22:16:35,拖网
11,29.932527777777786,124.21275,6.5,72.0,2019-10-05 22:26:35,拖网
11,29.95425,124.2452222222222,6.3,52.0,2019-10-05 22:46:35,拖网
11,29.967111111111112,124.25977777777778,5.9,46.0,2019-10-05 22:56:35,拖网
11,29.979972222222223,124.27361111111112,6.3,45.0,2019-10-05 23:06:35,拖网
11,29.991277777777785,124.28761111111106,6.2,40.0,2019-10-05 23:16:35,拖网
11,30.00575000000001,124.29766666666669,5.3,23.0,2019-10-05 23:26:35,拖网
11,30.018611111111117,124.31041666666664,6.4,50.0,2019-10-05 23:36:35,拖网
11,30.02986111111111,124.3255,5.4,57.0,2019-10-05 23:46:35,拖网
11,30.04205555555556,124.33986111111106,6.4,38.0,2019-10-05 23:56:35,拖网
11,30.05375,124.35513888888887,6.0,51.0,2019-10-06 00:06:35,拖网
11,30.06513888888889,124.37113888888888,6.1,47.0,2019-10-06 00:16:35,拖网
11,30.07719444444445,124.38680555555555,6.9,52.0,2019-10-06 00:26:35,拖网
11,30.090138888888887,124.40408333333336,6.9,51.0,2019-10-06 00:36:58,拖网
11,30.10155555555556,124.42122222222224,6.3,47.0,2019-10-06 00:46:35,拖网
11,30.12488888888889,124.45744444444443,7.4,47.0,2019-10-06 01:06:35,拖网
11,30.13805555555556,124.47475,7.7,41.0,2019-10-06 01:16:35,拖网
11,30.15186111111111,124.49155555555556,6.9,40.0,2019-10-06 01:26:35,拖网
11,30.16408333333333,124.51036111111112,7.6,44.0,2019-10-06 01:36:35,拖网
11,30.19144444444445,124.54708333333332,7.5,55.0,2019-10-06 01:56:58,拖网
11,30.19144444444445,124.54708333333332,7.5,55.0,2019-10-06 01:56:58,拖网
11,30.204305555555557,124.56488888888887,6.9,48.0,2019-10-06 02:06:35,拖网
11,30.217972222222237,124.58269444444444,6.7,39.0,2019-10-06 02:16:35,拖网
11,30.23183333333333,124.60055555555556,7.0,45.0,2019-10-06 02:26:35,拖网
11,30.244972222222238,124.61894444444444,7.7,51.0,2019-10-06 02:36:35,拖网
11,30.25941666666667,124.63513888888887,6.8,38.0,2019-10-06 02:46:35,拖网
11,30.27488888888889,124.65088888888891,7.3,43.0,2019-10-06 02:56:34,拖网
11,30.289305555555558,124.66813888888888,7.0,50.0,2019-10-06 03:06:34,拖网
11,30.30308333333333,124.68652777777778,7.6,43.0,2019-10-06 03:16:35,拖网
11,30.31608333333333,124.70613888888889,7.9,57.0,2019-10-06 03:26:34,拖网
11,30.32991666666667,124.72661111111113,8.4,50.0,2019-10-06 03:36:58,拖网
11,30.343027777777767,124.74663888888888,7.5,60.0,2019-10-06 03:46:34,拖网
11,30.355472222222232,124.76880555555556,8.6,51.0,2019-10-06 03:56:34,拖网
11,30.369027777777767,124.79027777777776,8.1,57.0,2019-10-06 04:06:34,拖网
11,30.38300000000001,124.81169444444444,7.5,55.0,2019-10-06 04:16:37,拖网
11,30.39858333333333,124.8282222222222,6.2,356.0,2019-10-06 04:26:58,拖网
11,30.416555555555554,124.82961111111106,6.2,6.0,2019-10-06 04:36:34,拖网
11,30.438527777777782,124.83025,4.9,353.0,2019-10-06 04:47:45,拖网
11,30.455861111111112,124.82972222222222,6.7,355.0,2019-10-06 04:56:34,拖网
11,30.47580555555556,124.82944444444443,7.8,359.0,2019-10-06 05:06:34,拖网
11,30.48236111111111,124.8322222222222,1.3,185.0,2019-10-06 05:16:34,拖网
11,30.48113888888889,124.83052777777776,4.8,120.0,2019-10-06 05:26:34,拖网
11,30.480555555555554,124.84297222222222,2.4,79.0,2019-10-06 05:36:34,拖网
11,30.48044444444444,124.85125,2.5,91.0,2019-10-06 05:46:58,拖网
11,30.48038888888889,124.85886111111108,2.1,89.0,2019-10-06 05:56:34,拖网
11,30.479888888888887,124.86677777777776,2.6,96.0,2019-10-06 06:06:34,拖网
11,30.47930555555555,124.87461111111112,2.3,73.0,2019-10-06 06:16:34,拖网
11,30.47947222222221,124.88244444444445,2.3,84.0,2019-10-06 06:26:34,拖网
11,30.479888888888887,124.89005555555556,2.6,77.0,2019-10-06 06:36:34,拖网
11,30.479416666666665,124.89769444444444,2.6,98.0,2019-10-06 06:46:34,拖网
11,30.47858333333333,124.9052222222222,2.7,112.0,2019-10-06 06:56:34,拖网
11,30.477916666666665,124.91280555555556,2.6,102.0,2019-10-06 07:06:34,拖网
11,30.477138888888888,124.92075,1.9,85.0,2019-10-06 07:16:58,拖网
11,30.47652777777777,124.9279722222222,2.3,98.0,2019-10-06 07:26:34,拖网
11,30.47533333333333,124.93541666666668,2.4,95.0,2019-10-06 07:36:33,拖网
11,30.4745,124.94272222222224,2.5,91.0,2019-10-06 07:46:33,拖网
11,30.47186111111111,124.95730555555556,3.4,97.0,2019-10-06 08:06:34,拖网
11,30.46927777777777,124.96477777777778,3.8,149.0,2019-10-06 08:17:22,拖网
11,30.467805555555557,124.97105555555557,2.1,108.0,2019-10-06 08:26:33,拖网
11,30.464861111111112,124.97766666666668,2.5,76.0,2019-10-06 08:36:33,拖网
11,30.462277777777768,124.98438888888889,2.7,115.0,2019-10-06 08:46:33,拖网
11,30.45858333333333,124.99044444444444,3.6,131.0,2019-10-06 08:56:33,拖网
11,30.45458333333333,124.99611111111106,1.7,80.0,2019-10-06 09:06:33,拖网
11,30.45427777777777,124.99527777777776,1.4,323.0,2019-10-06 09:16:33,拖网
11,30.45369444444445,124.99358333333332,1.1,159.0,2019-10-06 09:26:33,拖网
11,30.451138888888888,124.99272222222224,0.2,0.0,2019-10-06 09:36:33,拖网
11,30.45497222222223,124.98875,5.2,356.0,2019-10-06 09:46:33,拖网
11,30.459416666666662,124.98288888888894,7.7,286.0,2019-10-06 09:56:33,拖网
11,30.460611111111117,124.97225,2.5,274.0,2019-10-06 10:07:28,拖网
11,30.46155555555555,124.96530555555556,2.2,277.0,2019-10-06 10:16:33,拖网
11,30.46130555555556,124.95744444444443,2.1,283.0,2019-10-06 10:26:33,拖网
11,30.46144444444444,124.94944444444444,2.1,277.0,2019-10-06 10:36:33,拖网
11,30.46172222222221,124.94138888888894,1.9,269.0,2019-10-06 10:46:33,拖网
11,30.46208333333333,124.93319444444444,4.9,267.0,2019-10-06 10:56:33,拖网
11,30.46294444444444,124.91661111111112,1.8,272.0,2019-10-06 11:16:33,拖网
11,30.46491666666667,124.90013888888888,3.8,270.0,2019-10-06 11:36:33,拖网
11,30.46758333333333,124.89222222222224,2.7,292.0,2019-10-06 11:46:33,拖网
11,30.469777777777768,124.88427777777778,1.7,288.0,2019-10-06 11:56:33,拖网
11,30.47238888888889,124.87544444444444,2.4,285.0,2019-10-06 12:07:28,拖网
11,30.47452777777777,124.86813888888888,3.0,279.0,2019-10-06 12:16:32,拖网
11,30.476861111111116,124.86005555555556,2.3,312.0,2019-10-06 12:26:32,拖网
11,30.47922222222222,124.85213888888887,2.2,298.0,2019-10-06 12:36:32,拖网
11,30.48158333333333,124.84416666666668,1.4,300.0,2019-10-06 12:46:32,拖网
11,30.48386111111111,124.83611111111112,2.8,315.0,2019-10-06 12:56:32,拖网
11,30.48627777777777,124.82813888888889,2.8,284.0,2019-10-06 13:06:32,拖网
11,30.48830555555556,124.82,2.9,313.0,2019-10-06 13:16:32,拖网
11,30.49044444444444,124.812,2.3,282.0,2019-10-06 13:26:32,拖网
11,30.49275,124.804,2.8,297.0,2019-10-06 13:36:32,拖网
11,30.49505555555556,124.79608333333331,2.2,279.0,2019-10-06 13:46:32,拖网
11,30.49677777777777,124.7879722222222,3.1,275.0,2019-10-06 13:56:32,拖网
11,30.497805555555555,124.77988888888888,3.6,287.0,2019-10-06 14:06:32,拖网
11,30.499722222222232,124.77211111111112,2.2,323.0,2019-10-06 14:16:32,拖网
11,30.50363888888889,124.75641666666668,2.5,282.0,2019-10-06 14:36:32,拖网
11,30.50544444444445,124.74844444444444,2.4,298.0,2019-10-06 14:46:59,拖网
11,30.507222222222207,124.74125,2.6,303.0,2019-10-06 14:56:32,拖网
11,30.507222222222207,124.74125,2.6,303.0,2019-10-06 15:08:03,拖网
11,30.510638888888888,124.73425,2.1,42.0,2019-10-06 15:16:58,拖网
11,30.511888888888887,124.73705555555556,2.6,206.0,2019-10-06 15:26:32,拖网
11,30.51227777777777,124.7362777777778,0.2,0.0,2019-10-06 15:36:32,拖网
11,30.52,124.7135,7.5,288.0,2019-10-06 15:56:32,拖网
11,30.525,124.71863888888888,2.5,94.0,2019-10-06 16:16:31,拖网
11,30.525222222222236,124.72558333333332,2.5,66.0,2019-10-06 16:26:32,拖网
11,30.526027777777767,124.73261111111113,1.9,63.0,2019-10-06 16:36:32,拖网
11,30.526611111111112,124.73969444444444,2.4,59.0,2019-10-06 16:46:31,拖网
11,30.527305555555557,124.74675,2.0,107.0,2019-10-06 16:56:32,拖网
11,30.52761111111111,124.75425,2.5,71.0,2019-10-06 17:06:58,拖网
11,30.52725,124.76116666666668,2.2,95.0,2019-10-06 17:16:31,拖网
11,30.52630555555556,124.77569444444444,2.4,98.0,2019-10-06 17:36:31,拖网
11,30.52575,124.78294444444444,2.1,74.0,2019-10-06 17:46:31,拖网
11,30.52483333333333,124.7902222222222,2.0,120.0,2019-10-06 17:56:32,拖网
11,30.52325,124.79763888888888,2.6,71.0,2019-10-06 18:06:58,拖网
11,30.52197222222221,124.80475,2.7,90.0,2019-10-06 18:16:39,拖网
11,30.520194444444453,124.81236111111107,2.2,94.0,2019-10-06 18:26:58,拖网
11,30.515777777777767,124.82613888888888,2.1,121.0,2019-10-06 18:46:31,拖网
11,30.513638888888888,124.83325,2.2,113.0,2019-10-06 18:56:32,拖网
11,30.51205555555555,124.84044444444444,2.1,115.0,2019-10-06 19:06:31,拖网
11,30.51019444444445,124.84791666666666,1.9,109.0,2019-10-06 19:16:31,拖网
11,30.5085,124.85536111111112,2.4,88.0,2019-10-06 19:26:31,拖网
11,30.507305555555558,124.86277777777777,1.8,86.0,2019-10-06 19:36:32,拖网
11,30.50694444444445,124.87055555555555,1.7,101.0,2019-10-06 19:46:32,拖网
11,30.50622222222221,124.87805555555556,2.2,88.0,2019-10-06 19:56:31,拖网
11,30.505416666666665,124.88566666666668,1.8,0.0,2019-10-06 20:06:32,拖网
11,30.50480555555556,124.89313888888891,2.6,93.0,2019-10-06 20:16:33,拖网
11,30.50419444444445,124.90058333333332,3.3,0.0,2019-10-06 20:26:33,拖网
11,30.50344444444445,124.90866666666668,2.4,107.0,2019-10-06 20:36:58,拖网
11,30.50294444444444,124.9157777777778,2.7,113.0,2019-10-06 20:46:30,拖网
11,30.502222222222237,124.92305555555556,2.5,111.0,2019-10-06 20:56:30,拖网
11,30.50086111111111,124.93022222222224,2.7,125.0,2019-10-06 21:06:30,拖网
11,30.49991666666667,124.93630555555556,1.8,280.0,2019-10-06 21:16:30,拖网
11,30.50138888888889,124.93336111111113,1.9,114.0,2019-10-06 21:26:30,拖网
11,30.49988888888889,124.93344444444443,0.7,162.0,2019-10-06 21:36:30,拖网
11,30.49913888888889,124.9335,1.1,236.0,2019-10-06 21:46:29,拖网
11,30.505416666666665,124.92944444444444,1.2,338.0,2019-10-06 21:56:30,拖网
11,30.505916666666664,124.92066666666668,2.2,289.0,2019-10-06 22:06:31,拖网
11,30.506722222222223,124.91322222222225,1.9,288.0,2019-10-06 22:17:18,拖网
11,30.50641666666667,124.9067777777778,2.0,258.0,2019-10-06 22:26:30,拖网
11,30.50686111111111,124.8997777777778,2.3,279.0,2019-10-06 22:36:29,拖网
11,30.50725,124.89272222222225,2.9,299.0,2019-10-06 22:46:29,拖网
11,30.507472222222223,124.88561111111112,1.5,275.0,2019-10-06 22:56:29,拖网
11,30.50783333333333,124.87841666666668,2.0,335.0,2019-10-06 23:06:33,拖网
11,30.508166666666664,124.87111111111106,3.1,243.0,2019-10-06 23:16:29,拖网
11,30.5085,124.86383333333332,2.1,284.0,2019-10-06 23:26:29,拖网
11,30.509138888888888,124.85655555555556,2.1,263.0,2019-10-06 23:36:29,拖网
11,30.509888888888888,124.84888888888888,2.2,264.0,2019-10-06 23:46:57,拖网
11,30.5105,124.84194444444444,2.1,276.0,2019-10-06 23:56:29,拖网
11,30.51166666666667,124.83461111111112,1.9,279.0,2019-10-07 00:06:29,拖网
11,30.512722222222237,124.82727777777778,2.1,299.0,2019-10-07 00:16:29,拖网
11,30.51386111111111,124.82005555555556,2.2,280.0,2019-10-07 00:26:29,拖网
11,30.514944444444453,124.81238888888888,2.4,273.0,2019-10-07 00:36:57,拖网
11,30.51572222222222,124.80536111111113,2.1,286.0,2019-10-07 00:46:29,拖网
11,30.516638888888888,124.798,2.4,248.0,2019-10-07 00:56:29,拖网
11,30.51758333333333,124.79033333333334,2.2,277.0,2019-10-07 01:06:29,拖网
11,30.518527777777766,124.78286111111112,1.9,282.0,2019-10-07 01:16:29,拖网
11,30.51955555555555,124.77541666666666,2.4,272.0,2019-10-07 01:26:29,拖网
11,30.5205,124.76802777777776,2.9,274.0,2019-10-07 01:36:29,拖网
11,30.521555555555555,124.76055555555556,2.6,266.0,2019-10-07 01:46:29,拖网
11,30.52261111111111,124.75308333333334,3.2,299.0,2019-10-07 01:56:28,拖网
11,30.524527777777767,124.73827777777778,2.4,283.0,2019-10-07 02:16:28,拖网
11,30.52577777777779,124.73111111111112,3.2,280.0,2019-10-07 02:26:30,拖网
11,30.526805555555555,124.72344444444444,3.1,293.0,2019-10-07 02:36:57,拖网
11,30.52836111111111,124.71672222222224,3.2,325.0,2019-10-07 02:46:28,拖网
11,30.53211111111111,124.71030555555556,2.5,299.0,2019-10-07 02:56:28,拖网
11,30.535472222222232,124.70397222222223,2.2,312.0,2019-10-07 03:06:28,拖网
11,30.53686111111111,124.70252777777776,2.3,68.0,2019-10-07 03:16:28,拖网
11,30.53755555555556,124.70655555555555,2.6,182.0,2019-10-07 03:26:28,拖网
11,30.53783333333333,124.70686111111112,0.8,0.0,2019-10-07 03:36:28,拖网
11,30.53744444444445,124.70683333333334,4.9,233.0,2019-10-07 03:46:28,拖网
11,30.527305555555557,124.68922222222224,2.8,223.0,2019-10-07 03:56:28,拖网
11,30.52722222222221,124.69655555555556,4.0,98.0,2019-10-07 04:06:59,拖网
11,30.52675,124.704,2.1,86.0,2019-10-07 04:16:57,拖网
11,30.526,124.71116666666668,2.6,116.0,2019-10-07 04:26:28,拖网
11,30.525222222222236,124.71872222222224,2.4,93.0,2019-10-07 04:36:28,拖网
11,30.52458333333333,124.72633333333332,2.4,116.0,2019-10-07 04:46:28,拖网
11,30.52363888888889,124.73394444444445,2.6,110.0,2019-10-07 04:56:28,拖网
11,30.52208333333333,124.74933333333334,2.5,103.0,2019-10-07 05:16:28,拖网
11,30.520888888888887,124.75708333333333,2.9,142.0,2019-10-07 05:26:28,拖网
11,30.51988888888889,124.76491666666666,2.7,98.0,2019-10-07 05:36:28,拖网
11,30.51947222222222,124.77294444444443,2.8,99.0,2019-10-07 05:46:28,拖网
11,30.519,124.781,2.0,108.0,2019-10-07 05:56:28,拖网
11,30.518361111111112,124.78905555555556,2.7,87.0,2019-10-07 06:06:28,拖网
11,30.51733333333333,124.79716666666668,2.4,113.0,2019-10-07 06:16:28,拖网
11,30.515027777777767,124.8137777777778,2.6,96.0,2019-10-07 06:36:57,拖网
11,30.51375,124.82144444444444,3.2,138.0,2019-10-07 06:46:27,拖网
11,30.512638888888887,124.82963888888888,2.6,102.0,2019-10-07 06:56:27,拖网
11,30.511416666666666,124.83775,2.7,103.0,2019-10-07 07:06:27,拖网
11,30.51008333333333,124.84577777777776,3.1,88.0,2019-10-07 07:16:28,拖网
11,30.508944444444445,124.8537777777778,2.7,83.0,2019-10-07 07:26:27,拖网
11,30.50775,124.86177777777776,2.6,83.0,2019-10-07 07:36:27,拖网
11,30.507222222222207,124.86988888888894,2.6,91.0,2019-10-07 07:46:27,拖网
11,30.50697222222221,124.8779722222222,2.8,95.0,2019-10-07 07:56:27,拖网
11,30.506555555555558,124.88588888888891,4.7,46.0,2019-10-07 08:06:28,拖网
11,30.505222222222237,124.90136111111111,3.2,0.0,2019-10-07 08:26:28,拖网
11,30.504444444444445,124.90925,3.0,0.0,2019-10-07 08:36:28,拖网
11,30.503472222222207,124.91700000000002,2.9,0.0,2019-10-07 08:46:31,拖网
11,30.502388888888888,124.9247777777778,5.2,42.0,2019-10-07 08:56:38,拖网
11,30.500222222222234,124.93972222222224,3.0,0.0,2019-10-07 09:16:34,拖网
11,30.49908333333333,124.94661111111112,0.4,0.0,2019-10-07 09:26:36,拖网
11,30.49933333333333,124.94305555555556,3.1,81.0,2019-10-07 09:36:34,拖网
11,30.49763888888889,124.94519444444444,1.3,185.0,2019-10-07 09:46:55,拖网
11,30.495777777777786,124.9465,1.2,175.0,2019-10-07 09:56:27,拖网
11,30.49241666666667,124.94713888888892,2.2,281.0,2019-10-07 10:06:27,拖网
11,30.495555555555555,124.93002777777778,2.2,295.0,2019-10-07 10:26:27,拖网
11,30.496194444444445,124.92316666666667,2.1,274.0,2019-10-07 10:36:27,拖网
11,30.496805555555557,124.9162777777778,1.9,271.0,2019-10-07 10:46:27,拖网
11,30.496944444444445,124.90919444444444,2.0,278.0,2019-10-07 10:56:27,拖网
11,30.49758333333333,124.90233333333332,2.8,260.0,2019-10-07 11:06:27,拖网
11,30.49819444444445,124.89544444444444,2.4,271.0,2019-10-07 11:16:26,拖网
11,30.49880555555556,124.88855555555556,2.2,278.0,2019-10-07 11:26:27,拖网
11,30.499222222222237,124.88161111111108,2.3,272.0,2019-10-07 11:36:26,拖网
11,30.49983333333333,124.87463888888888,2.5,268.0,2019-10-07 11:46:26,拖网
11,30.50038888888889,124.8672222222222,2.1,276.0,2019-10-07 11:56:57,拖网
11,30.50161111111111,124.85341666666666,3.9,294.0,2019-10-07 12:16:26,拖网
11,30.50216666666667,124.84633333333332,2.2,283.0,2019-10-07 12:26:26,拖网
11,30.50283333333333,124.83936111111107,2.5,285.0,2019-10-07 12:36:26,拖网
11,30.50366666666667,124.83230555555556,1.3,0.0,2019-10-07 12:46:27,拖网
11,30.504361111111116,124.82525,1.9,290.0,2019-10-07 12:56:27,拖网
11,30.505111111111116,124.818,2.2,291.0,2019-10-07 13:06:26,拖网
11,30.50577777777778,124.81080555555556,1.5,277.0,2019-10-07 13:16:28,拖网
11,30.50666666666667,124.80327777777778,2.7,0.0,2019-10-07 13:26:57,拖网
11,30.50819444444444,124.78886111111107,1.9,287.0,2019-10-07 13:46:26,拖网
11,30.51058333333333,124.76652777777775,2.3,279.0,2019-10-07 14:16:26,拖网
11,30.512305555555557,124.75166666666668,2.5,274.0,2019-10-07 14:36:26,拖网
11,30.51330555555556,124.74425,2.2,264.0,2019-10-07 14:46:26,拖网
11,30.51408333333333,124.73675,3.2,251.0,2019-10-07 14:56:26,拖网
11,30.516972222222236,124.72430555555556,1.8,83.0,2019-10-07 15:26:26,拖网
11,30.516638888888888,124.72369444444443,0.6,0.0,2019-10-07 15:36:26,拖网
11,30.515,124.72311111111112,1.1,185.0,2019-10-07 15:46:26,拖网
11,30.515611111111117,124.71244444444444,7.4,287.0,2019-10-07 15:56:26,拖网
11,30.52188888888889,124.68955555555556,7.9,284.0,2019-10-07 16:06:25,拖网
11,30.528,124.66533333333336,7.5,285.0,2019-10-07 16:16:25,拖网
11,30.535055555555555,124.64194444444443,7.4,289.0,2019-10-07 16:26:25,拖网
11,30.54002777777778,124.62702777777776,4.3,11.0,2019-10-07 16:36:56,拖网
11,30.54647222222223,124.60963888888888,7.7,305.0,2019-10-07 16:46:25,拖网
11,30.55116666666667,124.6020277777778,4.9,151.0,2019-10-07 16:56:25,拖网
11,30.54513888888889,124.61019444444445,2.0,114.0,2019-10-07 17:06:25,拖网
11,30.54286111111111,124.61694444444444,2.6,122.0,2019-10-07 17:16:25,拖网
11,30.54058333333333,124.62386111111108,3.2,123.0,2019-10-07 17:26:25,拖网
11,30.538222222222235,124.63086111111107,2.4,126.0,2019-10-07 17:36:25,拖网
11,30.53555555555556,124.6377222222222,2.3,113.0,2019-10-07 17:46:25,拖网
11,30.53258333333333,124.64433333333336,2.7,114.0,2019-10-07 17:56:25,拖网
11,30.52875,124.65094444444443,2.6,108.0,2019-10-07 18:06:56,拖网
11,30.526138888888887,124.65763888888888,2.2,104.0,2019-10-07 18:16:25,拖网
11,30.522916666666664,124.67280555555556,2.8,72.0,2019-10-07 18:36:25,拖网
11,30.52294444444444,124.68075,2.2,89.0,2019-10-07 18:46:25,拖网
11,30.522222222222236,124.68861111111111,2.6,95.0,2019-10-07 18:56:25,拖网
11,30.521472222222236,124.69647222222224,2.3,125.0,2019-10-07 19:06:25,拖网
11,30.52072222222222,124.70444444444443,2.6,77.0,2019-10-07 19:16:25,拖网
11,30.51955555555555,124.71225,2.2,90.0,2019-10-07 19:26:25,拖网
11,30.51894444444445,124.72008333333332,3.0,71.0,2019-10-07 19:36:25,拖网
11,30.5185,124.72811111111112,2.5,77.0,2019-10-07 19:46:25,拖网
11,30.518416666666663,124.73608333333333,2.8,86.0,2019-10-07 19:56:25,拖网
11,30.518,124.74422222222223,2.0,0.0,2019-10-07 20:06:25,拖网
11,30.517777777777766,124.7522777777778,2.4,104.0,2019-10-07 20:16:25,拖网
11,30.517611111111112,124.76038888888888,2.1,0.0,2019-10-07 20:26:25,拖网
11,30.5165,124.78455555555556,2.3,101.0,2019-10-07 20:56:24,拖网
11,30.51575,124.79255555555557,2.8,85.0,2019-10-07 21:06:24,拖网
11,30.51511111111111,124.80061111111112,1.6,0.0,2019-10-07 21:16:24,拖网
11,30.51452777777777,124.80852777777778,1.9,87.0,2019-10-07 21:26:24,拖网
11,30.51391666666667,124.81638888888888,1.4,0.0,2019-10-07 21:36:24,拖网
11,30.51333333333333,124.82422222222222,2.1,0.0,2019-10-07 21:46:24,拖网
11,30.512694444444445,124.83191666666666,2.3,84.0,2019-10-07 21:56:24,拖网
11,30.511388888888888,124.8444722222222,1.6,317.0,2019-10-07 22:16:26,拖网
11,30.50975,124.84297222222222,3.5,191.0,2019-10-07 22:26:24,拖网
11,30.507388888888887,124.84408333333332,0.7,167.0,2019-10-07 22:36:24,拖网
11,30.504444444444445,124.84522222222222,0.7,167.0,2019-10-07 22:46:24,拖网
11,30.50866666666667,124.83919444444444,1.9,317.0,2019-10-07 22:56:24,拖网
11,30.50772222222223,124.83105555555557,2.9,279.0,2019-10-07 23:06:24,拖网
11,30.507472222222223,124.81055555555557,2.3,278.0,2019-10-07 23:36:55,拖网
11,30.50761111111111,124.80391666666668,3.0,264.0,2019-10-07 23:46:25,拖网
11,30.50794444444445,124.79688888888889,1.7,0.0,2019-10-07 23:56:27,拖网
11,30.508055555555558,124.78941666666664,2.3,258.0,2019-10-08 00:06:56,拖网
11,30.50822222222222,124.78258333333332,2.1,273.0,2019-10-08 00:16:24,拖网
11,30.50836111111111,124.77525,2.6,272.0,2019-10-08 00:26:24,拖网
11,30.5085,124.76797222222224,2.6,277.0,2019-10-08 00:36:24,拖网
11,30.508527777777783,124.76063888888888,2.2,266.0,2019-10-08 00:46:24,拖网
11,30.50877777777777,124.74591666666667,2.8,269.0,2019-10-08 01:06:24,拖网
11,30.508861111111116,124.73111111111112,4.6,316.0,2019-10-08 01:26:24,拖网
11,30.509027777777767,124.72369444444443,2.9,0.0,2019-10-08 01:36:24,拖网
11,30.50880555555556,124.71622222222224,2.6,295.0,2019-10-08 01:46:23,拖网
11,30.50877777777777,124.70830555555555,2.3,267.0,2019-10-08 01:56:51,拖网
11,30.50863888888889,124.70108333333332,3.0,259.0,2019-10-08 02:06:23,拖网
11,30.50830555555555,124.68563888888887,2.1,275.0,2019-10-08 02:26:23,拖网
11,30.508111111111116,124.6779722222222,2.3,263.0,2019-10-08 02:36:23,拖网
11,30.508166666666664,124.6705,2.4,266.0,2019-10-08 02:46:23,拖网
11,30.50808333333333,124.66291666666666,2.4,270.0,2019-10-08 02:56:23,拖网
11,30.50802777777778,124.65530555555556,2.6,251.0,2019-10-08 03:06:23,拖网
11,30.50941666666667,124.64033333333334,2.0,286.0,2019-10-08 03:26:23,拖网
11,30.51161111111111,124.63322222222222,2.4,303.0,2019-10-08 03:36:23,拖网
11,30.514222222222237,124.62624999999998,2.1,289.0,2019-10-08 03:46:23,拖网
11,30.51688888888889,124.61936111111108,1.9,294.0,2019-10-08 03:56:23,拖网
11,30.52194444444445,124.60558333333331,2.2,291.0,2019-10-08 04:16:23,拖网
11,30.52444444444445,124.59888888888888,2.6,305.0,2019-10-08 04:26:23,拖网
11,30.52822222222222,124.5924722222222,2.3,307.0,2019-10-08 04:36:23,拖网
11,30.53388888888889,124.58777777777776,2.3,338.0,2019-10-08 04:46:23,拖网
11,30.53608333333333,124.58552777777776,1.0,145.0,2019-10-08 04:56:24,拖网
11,30.53605555555556,124.5852222222222,3.0,32.0,2019-10-08 05:06:23,拖网
11,30.535222222222234,124.58813888888888,0.3,0.0,2019-10-08 05:26:23,拖网
11,30.53383333333333,124.58752777777777,4.4,251.0,2019-10-08 05:36:23,拖网
11,30.53972222222223,124.57294444444445,5.0,288.0,2019-10-08 05:46:23,拖网
11,30.545444444444453,124.55658333333334,5.4,340.0,2019-10-08 05:56:23,拖网
11,30.545972222222236,124.55788888888888,8.8,118.0,2019-10-08 06:06:22,拖网
11,30.54219444444445,124.56463888888894,5.4,90.0,2019-10-08 06:16:22,拖网
11,30.54111111111111,124.57194444444444,2.9,85.0,2019-10-08 06:26:27,拖网
11,30.54066666666667,124.57961111111106,10.7,106.0,2019-10-08 06:36:23,拖网
11,30.53986111111111,124.587,2.5,118.0,2019-10-08 06:46:51,拖网
11,30.53913888888889,124.594,2.2,97.0,2019-10-08 06:56:22,拖网
11,30.53683333333333,124.60875,2.5,109.0,2019-10-08 07:16:22,拖网
11,30.535722222222237,124.61613888888888,2.3,100.0,2019-10-08 07:26:22,拖网
11,30.534527777777782,124.62355555555555,2.5,104.0,2019-10-08 07:36:22,拖网
11,30.53327777777778,124.6309722222222,2.7,96.0,2019-10-08 07:46:22,拖网
11,30.53175,124.6385,2.9,93.0,2019-10-08 07:56:22,拖网
11,30.52983333333333,124.6462222222222,2.4,109.0,2019-10-08 08:06:51,拖网
11,30.52808333333333,124.65333333333334,2.5,98.0,2019-10-08 08:16:22,拖网
11,30.52633333333333,124.66075,2.6,107.0,2019-10-08 08:26:22,拖网
11,30.524694444444453,124.66761111111111,2.3,104.0,2019-10-08 08:36:22,拖网
11,30.52347222222221,124.67519444444444,2.7,100.0,2019-10-08 08:46:22,拖网
11,30.522472222222238,124.69138888888894,2.1,98.0,2019-10-08 09:06:22,拖网
11,30.52130555555556,124.69930555555555,2.3,97.0,2019-10-08 09:16:22,拖网
11,30.519361111111117,124.71516666666668,2.5,95.0,2019-10-08 09:36:22,拖网
11,30.518361111111112,124.723,2.3,94.0,2019-10-08 09:46:22,拖网
11,30.51675,124.73833333333332,2.6,104.0,2019-10-08 10:06:21,拖网
11,30.51583333333333,124.74588888888891,2.6,106.0,2019-10-08 10:16:22,拖网
11,30.51508333333333,124.75333333333332,2.2,82.0,2019-10-08 10:26:21,拖网
11,30.51408333333333,124.76116666666668,2.1,90.0,2019-10-08 10:36:51,拖网
11,30.513222222222232,124.76813888888888,3.6,127.0,2019-10-08 10:46:21,拖网
11,30.51236111111111,124.77541666666666,2.0,109.0,2019-10-08 10:56:21,拖网
11,30.511194444444445,124.78269444444445,1.7,97.0,2019-10-08 11:06:21,拖网
11,30.50994444444445,124.78994444444444,2.4,119.0,2019-10-08 11:16:21,拖网
11,30.50638888888889,124.79430555555555,1.7,260.0,2019-10-08 11:26:21,拖网
11,30.504472222222237,124.79169444444445,3.1,214.0,2019-10-08 11:36:21,拖网
11,30.50052777777778,124.79116666666668,2.7,175.0,2019-10-08 11:46:21,拖网
11,30.496472222222238,124.78919444444443,3.0,314.0,2019-10-08 11:56:21,拖网
11,30.51,124.7915,3.1,17.0,2019-10-08 12:06:51,拖网
11,30.51216666666667,124.78458333333332,4.0,292.0,2019-10-08 12:16:21,拖网
11,30.512916666666666,124.77827777777776,2.0,263.0,2019-10-08 12:26:21,拖网
11,30.513416666666664,124.77180555555556,2.3,259.0,2019-10-08 12:36:21,拖网
11,30.514388888888888,124.76541666666668,2.4,279.0,2019-10-08 12:46:21,拖网
11,30.514972222222237,124.75877777777778,2.5,269.0,2019-10-08 12:56:21,拖网
11,30.515611111111117,124.75205555555556,2.1,261.0,2019-10-08 13:06:22,拖网
11,30.51469444444445,124.745,2.5,260.0,2019-10-08 13:16:21,拖网
11,30.5135,124.73788888888888,2.3,0.0,2019-10-08 13:26:32,拖网
11,30.51325000000001,124.73019444444444,2.2,0.0,2019-10-08 13:36:51,拖网
11,30.51475,124.72322222222223,13.2,324.0,2019-10-08 13:46:21,拖网
11,30.516333333333336,124.71658333333332,3.6,318.0,2019-10-08 13:56:21,拖网
11,30.517777777777766,124.70972222222224,2.0,296.0,2019-10-08 14:06:21,拖网
11,30.520416666666662,124.69538888888889,1.8,284.0,2019-10-08 14:26:21,拖网
11,30.52169444444444,124.68791666666668,2.1,283.0,2019-10-08 14:36:20,拖网
11,30.52277777777777,124.68033333333337,2.9,271.0,2019-10-08 14:46:20,拖网
11,30.523777777777767,124.67261111111112,1.9,287.0,2019-10-08 14:56:20,拖网
11,30.52486111111111,124.66483333333332,1.8,265.0,2019-10-08 15:06:19,拖网
11,30.52597222222222,124.657,2.6,277.0,2019-10-08 15:16:19,拖网
11,30.52888888888889,124.64875,2.0,289.0,2019-10-08 15:27:27,拖网
11,30.530777777777782,124.64208333333332,2.0,307.0,2019-10-08 15:36:20,拖网
11,30.532416666666663,124.63427777777778,2.5,291.0,2019-10-08 15:46:19,拖网
11,30.534388888888888,124.62655555555556,2.4,279.0,2019-10-08 15:56:19,拖网
11,30.53705555555556,124.61830555555557,2.4,306.0,2019-10-08 16:07:14,拖网
11,30.53880555555556,124.61138888888888,2.3,282.0,2019-10-08 16:16:19,拖网
11,30.539305555555558,124.60341666666666,2.4,278.0,2019-10-08 16:26:19,拖网
11,30.53961111111111,124.59555555555556,1.4,276.0,2019-10-08 16:36:19,拖网
11,30.54000000000001,124.58780555555556,2.8,293.0,2019-10-08 16:46:19,拖网
11,30.54044444444445,124.58011111111112,2.8,267.0,2019-10-08 16:56:19,拖网
11,30.54111111111111,124.5725,0.6,0.0,2019-10-08 17:06:20,拖网
11,30.54197222222223,124.57525,2.4,239.0,2019-10-08 17:16:27,拖网
11,30.54205555555556,124.57286111111112,2.3,203.0,2019-10-08 17:26:23,拖网
11,30.54091666666667,124.57002777777775,1.1,0.0,2019-10-08 17:36:19,拖网
11,30.53958333333333,124.56552777777776,5.1,277.0,2019-10-08 17:46:19,拖网
11,30.54347222222223,124.58061111111112,5.5,54.0,2019-10-08 17:56:19,拖网
11,30.54486111111111,124.58863888888888,5.9,234.0,2019-10-08 18:06:50,拖网
11,30.544277777777783,124.58138888888888,1.0,237.0,2019-10-08 18:16:19,拖网
11,30.54302777777778,124.57716666666666,1.7,245.0,2019-10-08 18:26:19,拖网
11,30.54216666666667,124.57452777777776,2.3,320.0,2019-10-08 18:36:19,拖网
11,30.541277777777783,124.57186111111106,2.6,309.0,2019-10-08 18:46:19,拖网
11,30.549277777777768,124.57147222222224,1.0,346.0,2019-10-08 18:56:19,拖网
11,30.54875,124.56955555555555,1.3,221.0,2019-10-08 19:06:19,拖网
11,30.549916666666668,124.56669444444444,3.2,127.0,2019-10-08 19:16:19,拖网
11,30.54491666666667,124.5767777777778,2.5,89.0,2019-10-08 19:26:19,拖网
11,30.543194444444445,124.58394444444444,2.5,110.0,2019-10-08 19:36:19,拖网
11,30.54180555555555,124.59133333333332,2.4,100.0,2019-10-08 19:46:18,拖网
11,30.54036111111111,124.5985277777778,2.7,87.0,2019-10-08 19:56:18,拖网
11,30.539027777777783,124.6062222222222,2.3,103.0,2019-10-08 20:06:48,拖网
11,30.53625,124.62075,2.2,96.0,2019-10-08 20:26:18,拖网
11,30.53458333333333,124.62825,2.8,113.0,2019-10-08 20:36:18,拖网
11,30.53233333333333,124.63555555555556,3.0,124.0,2019-10-08 20:46:18,拖网
11,30.530361111111112,124.64305555555556,2.9,93.0,2019-10-08 20:56:18,拖网
11,30.52588888888889,124.65788888888888,3.8,128.0,2019-10-08 21:16:18,拖网
11,30.52372222222222,124.66519444444444,1.0,0.0,2019-10-08 21:26:19,拖网
11,30.52194444444445,124.67286111111112,1.7,0.0,2019-10-08 21:36:21,拖网
11,30.520111111111117,124.68069444444444,2.5,85.0,2019-10-08 21:46:18,拖网
11,30.518638888888887,124.68847222222222,2.9,86.0,2019-10-08 21:56:18,拖网
11,30.51658333333333,124.69675,2.9,127.0,2019-10-08 22:06:50,拖网
11,30.51458333333333,124.70388888888893,2.5,112.0,2019-10-08 22:16:18,拖网
11,30.512611111111116,124.71136111111107,2.7,111.0,2019-10-08 22:26:18,拖网
11,30.51069444444445,124.71902777777775,2.8,115.0,2019-10-08 22:36:18,拖网
11,30.5075,124.73413888888888,2.7,66.0,2019-10-08 22:56:18,拖网
11,30.50711111111111,124.74147222222224,3.5,116.0,2019-10-08 23:06:18,拖网
11,30.50697222222221,124.74894444444443,2.4,91.0,2019-10-08 23:16:18,拖网
11,30.50633333333333,124.75641666666668,2.2,80.0,2019-10-08 23:26:18,拖网
11,30.505888888888887,124.76369444444444,2.2,83.0,2019-10-08 23:36:18,拖网
11,30.50577777777778,124.77116666666667,3.1,109.0,2019-10-08 23:46:18,拖网
11,30.50563888888889,124.77852777777778,2.4,81.0,2019-10-08 23:56:18,拖网
11,30.505666666666663,124.78583333333331,2.2,90.0,2019-10-09 00:06:18,拖网
11,30.50502777777777,124.79330555555556,3.2,110.0,2019-10-09 00:16:19,拖网
11,30.504,124.80036111111112,3.0,92.0,2019-10-09 00:26:17,拖网
11,30.501916666666663,124.80763888888887,3.4,109.0,2019-10-09 00:36:18,拖网
11,30.5015,124.80605555555556,2.7,298.0,2019-10-09 00:46:17,拖网
11,30.50175,124.80169444444444,1.6,0.0,2019-10-09 00:56:19,拖网
11,30.49983333333333,124.8,2.0,54.0,2019-10-09 01:06:17,拖网
11,30.497611111111112,124.80013888888888,1.6,0.0,2019-10-09 01:16:17,拖网
11,30.49466666666667,124.79908333333331,1.4,0.0,2019-10-09 01:26:17,拖网
11,30.494111111111117,124.79708333333332,4.8,31.0,2019-10-09 01:36:18,拖网
11,30.50711111111111,124.80394444444444,6.1,4.0,2019-10-09 01:46:50,拖网
11,30.511138888888887,124.80266666666668,2.1,0.0,2019-10-09 01:56:17,拖网
11,30.51225,124.79166666666669,1.0,0.0,2019-10-09 02:06:18,拖网
11,30.511805555555554,124.78433333333334,1.3,0.0,2019-10-09 02:16:17,拖网
11,30.51061111111111,124.77713888888889,2.6,298.0,2019-10-09 02:26:17,拖网
11,30.5105,124.77005555555556,1.9,0.0,2019-10-09 02:36:17,拖网
11,30.51163888888889,124.76280555555556,1.7,283.0,2019-10-09 02:46:17,拖网
11,30.51227777777777,124.75533333333334,3.4,271.0,2019-10-09 02:56:50,拖网
11,30.51258333333333,124.74855555555555,2.2,276.0,2019-10-09 03:06:17,拖网
11,30.513,124.74111111111112,1.6,305.0,2019-10-09 03:16:17,拖网
11,30.5135,124.73358333333331,2.0,264.0,2019-10-09 03:26:17,拖网
11,30.515138888888888,124.72613888888888,1.7,303.0,2019-10-09 03:36:17,拖网
11,30.516333333333336,124.71847222222222,2.2,298.0,2019-10-09 03:46:17,拖网
11,30.517,124.71063888888894,2.1,265.0,2019-10-09 03:56:17,拖网
11,30.51794444444444,124.70252777777776,2.6,240.0,2019-10-09 04:06:45,拖网
11,30.51838888888889,124.69494444444445,3.9,234.0,2019-10-09 04:16:17,拖网
11,30.519055555555557,124.68694444444444,2.5,271.0,2019-10-09 04:26:17,拖网
11,30.51919444444445,124.67927777777778,2.2,267.0,2019-10-09 04:36:17,拖网
11,30.521,124.67152777777778,3.0,313.0,2019-10-09 04:46:17,拖网
11,30.52394444444444,124.66413888888889,1.3,287.0,2019-10-09 04:56:16,拖网
11,30.526805555555555,124.65688888888889,2.4,279.0,2019-10-09 05:06:16,拖网
11,30.52769444444445,124.64916666666667,3.0,268.0,2019-10-09 05:16:16,拖网
11,30.52872222222221,124.64144444444445,2.4,274.0,2019-10-09 05:26:16,拖网
11,30.528916666666664,124.63386111111112,2.8,279.0,2019-10-09 05:36:16,拖网
11,30.52933333333333,124.62638888888888,2.8,257.0,2019-10-09 05:46:16,拖网
11,30.52922222222222,124.61916666666666,2.3,219.0,2019-10-09 05:56:16,拖网
11,30.52966666666667,124.61163888888888,2.0,280.0,2019-10-09 06:06:44,拖网
11,30.53061111111111,124.6047222222222,2.3,287.0,2019-10-09 06:16:16,拖网
11,30.534055555555558,124.59808333333332,2.9,324.0,2019-10-09 06:26:16,拖网
11,30.53891666666667,124.59241666666668,3.0,340.0,2019-10-09 06:36:16,拖网
11,30.54300000000001,124.58658333333334,2.7,344.0,2019-10-09 06:46:16,拖网
11,30.54708333333333,124.58077777777775,2.8,324.0,2019-10-09 06:56:16,拖网
11,30.54722222222223,124.58441666666666,0.7,0.0,2019-10-09 07:06:16,拖网
11,30.54883333333333,124.58386111111106,0.9,342.0,2019-10-09 07:16:16,拖网
11,30.548777777777783,124.58291666666666,1.0,346.0,2019-10-09 07:26:16,拖网
11,30.54858333333333,124.58136111111112,0.4,0.0,2019-10-09 07:36:16,拖网
11,30.548444444444453,124.57958333333332,0.3,0.0,2019-10-09 07:46:16,拖网
11,30.54808333333333,124.578,3.4,341.0,2019-10-09 07:56:16,拖网
11,30.547361111111112,124.57869444444444,4.8,81.0,2019-10-09 08:06:44,拖网
11,30.546527777777783,124.5815,0.8,126.0,2019-10-09 08:16:16,拖网
11,30.54527777777778,124.58322222222222,0.5,131.0,2019-10-09 08:26:16,拖网
11,30.543194444444445,124.59527777777777,2.0,50.0,2019-10-09 08:36:16,拖网
11,30.5415,124.60394444444444,5.6,122.0,2019-10-09 08:46:16,拖网
11,30.53919444444445,124.6147222222222,1.4,129.0,2019-10-09 08:56:16,拖网
11,30.53925,124.62297222222222,0.3,0.0,2019-10-09 09:06:16,拖网
11,30.540972222222223,124.62286111111106,4.4,127.0,2019-10-09 09:16:16,拖网
11,30.537222222222237,124.63497222222222,2.6,97.0,2019-10-09 09:26:16,拖网
11,30.53425,124.64244444444444,2.8,133.0,2019-10-09 09:36:15,拖网
11,30.53219444444445,124.65044444444445,2.1,128.0,2019-10-09 09:46:15,拖网
11,30.52986111111111,124.65822222222224,2.2,124.0,2019-10-09 09:56:15,拖网
11,30.527166666666663,124.66591666666667,2.5,115.0,2019-10-09 10:06:15,拖网
11,30.525111111111112,124.67397222222225,2.5,107.0,2019-10-09 10:16:15,拖网
11,30.52330555555556,124.6822222222222,2.5,99.0,2019-10-09 10:26:15,拖网
11,30.52108333333333,124.69019444444444,2.2,129.0,2019-10-09 10:36:15,拖网
11,30.51919444444445,124.69830555555556,2.5,81.0,2019-10-09 10:46:15,拖网
11,30.517611111111112,124.70619444444444,3.1,112.0,2019-10-09 10:56:15,拖网
11,30.516,124.71413888888888,3.4,85.0,2019-10-09 11:06:15,拖网
11,30.514222222222237,124.72197222222222,2.8,118.0,2019-10-09 11:16:15,拖网
11,30.512916666666666,124.72980555555556,2.3,93.0,2019-10-09 11:26:15,拖网
11,30.511222222222223,124.7375,3.2,121.0,2019-10-09 11:36:15,拖网
11,30.50958333333333,124.74538888888888,4.4,140.0,2019-10-09 11:46:43,拖网
11,30.50808333333333,124.7525,3.2,106.0,2019-10-09 11:56:23,拖网
11,30.50611111111111,124.76036111111112,2.7,109.0,2019-10-09 12:06:56,拖网
11,30.50466666666667,124.774,2.2,89.0,2019-10-09 12:26:15,拖网
11,30.50433333333333,124.7807222222222,2.1,101.0,2019-10-09 12:36:15,拖网
11,30.50008333333333,124.79441666666666,2.9,104.0,2019-10-09 12:56:18,拖网
11,30.49830555555556,124.80091666666668,1.7,100.0,2019-10-09 13:06:15,拖网
11,30.49394444444445,124.80955555555556,1.8,0.0,2019-10-09 13:26:15,拖网
11,30.49222222222223,124.80666666666666,3.4,220.0,2019-10-09 13:36:15,拖网
11,30.488861111111117,124.80625,0.2,0.0,2019-10-09 13:46:15,拖网
11,30.485027777777766,124.80447222222222,2.6,0.0,2019-10-09 13:56:15,拖网
11,30.48127777777777,124.80236111111108,0.8,0.0,2019-10-09 14:06:15,拖网
11,30.47783333333333,124.80005555555556,2.1,215.0,2019-10-09 14:16:15,拖网
11,30.468416666666663,124.79191666666668,2.9,206.0,2019-10-09 14:46:14,拖网
11,30.46619444444445,124.78011111111113,2.5,222.0,2019-10-09 14:56:46,拖网
11,30.46544444444445,124.77283333333334,1.8,267.0,2019-10-09 15:06:14,拖网
11,30.46525,124.76513888888888,2.3,250.0,2019-10-09 15:16:14,拖网
11,30.46508333333333,124.7575,3.2,251.0,2019-10-09 15:26:14,拖网
11,30.46533333333333,124.74975,2.0,270.0,2019-10-09 15:36:14,拖网
11,30.465916666666665,124.74177777777778,2.6,261.0,2019-10-09 15:46:14,拖网
11,30.46630555555556,124.7337777777778,2.2,273.0,2019-10-09 15:56:14,拖网
11,30.466805555555556,124.71775,2.1,266.0,2019-10-09 16:16:14,拖网
11,30.467111111111112,124.70963888888888,3.1,258.0,2019-10-09 16:26:14,拖网
11,30.470527777777782,124.68563888888887,2.8,283.0,2019-10-09 16:56:14,拖网
11,30.472916666666663,124.67780555555557,1.9,301.0,2019-10-09 17:06:16,拖网
11,30.476555555555557,124.67008333333334,1.9,305.0,2019-10-09 17:16:50,拖网
11,30.47936111111111,124.66316666666668,2.3,322.0,2019-10-09 17:26:15,拖网
11,30.48263888888889,124.65594444444444,2.6,296.0,2019-10-09 17:36:14,拖网
11,30.485750000000003,124.64863888888893,2.8,304.0,2019-10-09 17:46:14,拖网
11,30.488722222222236,124.64136111111112,3.3,284.0,2019-10-09 17:56:14,拖网
11,30.49166666666667,124.63411111111112,2.9,314.0,2019-10-09 18:06:14,拖网
11,30.49475,124.62694444444443,2.2,298.0,2019-10-09 18:16:14,拖网
11,30.49866666666667,124.62019444444444,3.1,297.0,2019-10-09 18:26:14,拖网
11,30.5035,124.61408333333333,2.0,307.0,2019-10-09 18:36:14,拖网
11,30.50869444444445,124.6085,2.2,316.0,2019-10-09 18:46:14,拖网
11,30.514555555555557,124.60358333333332,3.3,304.0,2019-10-09 18:56:26,拖网
11,30.520194444444453,124.59888888888888,2.4,332.0,2019-10-09 19:06:13,拖网
11,30.526055555555555,124.59441666666666,2.3,330.0,2019-10-09 19:16:13,拖网
11,30.53094444444445,124.59027777777776,1.4,118.0,2019-10-09 19:26:13,拖网
11,30.52994444444445,124.5945,0.8,19.0,2019-10-09 19:36:13,拖网
11,30.53169444444445,124.59461111111106,0.7,0.0,2019-10-09 19:46:13,拖网
11,30.53311111111111,124.59341666666668,1.2,214.0,2019-10-09 19:56:13,拖网
11,30.53480555555556,124.59166666666668,0.4,0.0,2019-10-09 20:06:43,拖网
11,30.537861111111116,124.59024999999998,4.9,90.0,2019-10-09 20:16:13,拖网
11,30.536027777777782,124.6025,2.4,92.0,2019-10-09 20:26:26,拖网
11,30.53552777777778,124.60983333333331,2.6,77.0,2019-10-09 20:36:13,拖网
11,30.53319444444445,124.62519444444445,2.1,92.0,2019-10-09 20:56:13,拖网
11,30.53177777777777,124.6327777777778,1.9,115.0,2019-10-09 21:06:13,拖网
11,30.53086111111111,124.64058333333334,2.9,99.0,2019-10-09 21:16:13,拖网
11,30.529416666666663,124.65705555555556,2.9,131.0,2019-10-09 21:36:13,拖网
11,30.527916666666663,124.6652777777778,2.9,102.0,2019-10-09 21:46:13,拖网
11,30.52644444444445,124.67355555555557,2.6,109.0,2019-10-09 21:56:13,拖网
11,30.523138888888887,124.69013888888888,2.6,120.0,2019-10-09 22:16:13,拖网
11,30.52144444444445,124.69838888888891,2.6,100.0,2019-10-09 22:26:13,拖网
11,30.5195,124.70655555555555,2.5,90.0,2019-10-09 22:36:13,拖网
11,30.51725,124.7147222222222,4.0,127.0,2019-10-09 22:46:13,拖网
11,30.514722222222236,124.72275,2.5,122.0,2019-10-09 22:56:13,拖网
11,30.512694444444445,124.73102777777778,2.7,98.0,2019-10-09 23:06:13,拖网
11,30.511,124.73966666666666,2.7,96.0,2019-10-09 23:16:26,拖网
11,30.50938888888889,124.748,2.6,114.0,2019-10-09 23:26:27,拖网
11,30.50775,124.75661111111113,2.8,81.0,2019-10-09 23:36:50,拖网
11,30.50713888888889,124.76433333333334,2.8,85.0,2019-10-09 23:46:12,拖网
11,30.506472222222207,124.77252777777775,2.2,104.0,2019-10-09 23:56:12,拖网
11,30.50480555555556,124.78066666666666,3.3,115.0,2019-10-10 00:06:12,拖网
11,30.5,124.79627777777776,3.5,114.0,2019-10-10 00:26:12,拖网
11,30.494083333333336,124.80211111111112,2.7,155.0,2019-10-10 00:36:12,拖网
11,30.48686111111111,124.80555555555556,2.5,176.0,2019-10-10 00:46:12,拖网
11,30.47952777777777,124.80755555555557,2.4,168.0,2019-10-10 00:56:12,拖网
11,30.472222222222207,124.8085,2.6,176.0,2019-10-10 01:06:12,拖网
11,30.46519444444445,124.80958333333332,2.4,173.0,2019-10-10 01:16:12,拖网
11,30.46172222222221,124.81144444444443,2.1,20.0,2019-10-10 01:26:50,拖网
11,30.46425,124.81191666666666,2.9,146.0,2019-10-10 01:36:12,拖网
11,30.46102777777779,124.81305555555556,1.1,143.0,2019-10-10 01:46:12,拖网
11,30.458166666666664,124.81469444444444,1.0,159.0,2019-10-10 01:56:12,拖网
11,30.455388888888887,124.81566666666666,0.9,145.0,2019-10-10 02:06:12,拖网
11,30.46247222222221,124.80886111111109,2.9,290.0,2019-10-10 02:26:12,拖网
11,30.46283333333333,124.80127777777778,2.2,260.0,2019-10-10 02:36:12,拖网
11,30.462777777777767,124.79388888888889,2.6,280.0,2019-10-10 02:46:12,拖网
11,30.463361111111112,124.78644444444444,2.8,274.0,2019-10-10 02:56:12,拖网
11,30.46375,124.77902777777776,1.9,0.0,2019-10-10 03:06:12,拖网
11,30.46394444444445,124.77130555555556,2.1,270.0,2019-10-10 03:16:12,拖网
11,30.46413888888889,124.76366666666668,2.4,252.0,2019-10-10 03:26:26,拖网
11,30.464555555555556,124.75644444444444,2.3,295.0,2019-10-10 03:36:11,拖网
11,30.466472222222237,124.74925,2.1,281.0,2019-10-10 03:46:11,拖网
11,30.468027777777767,124.74191666666668,2.4,293.0,2019-10-10 03:56:11,拖网
11,30.46927777777777,124.7342777777778,2.7,261.0,2019-10-10 04:06:25,拖网
11,30.47063888888889,124.72691666666668,2.6,295.0,2019-10-10 04:16:11,拖网
11,30.47197222222222,124.71933333333334,2.6,281.0,2019-10-10 04:26:11,拖网
11,30.47336111111111,124.71172222222224,2.5,280.0,2019-10-10 04:36:11,拖网
11,30.47472222222222,124.70408333333334,2.6,276.0,2019-10-10 04:46:11,拖网
11,30.476138888888887,124.69661111111112,3.0,271.0,2019-10-10 04:56:11,拖网
11,30.477472222222207,124.68902777777778,2.5,280.0,2019-10-10 05:06:11,拖网
11,30.47880555555556,124.68155555555556,2.2,261.0,2019-10-10 05:16:11,拖网
11,30.48161111111111,124.66672222222223,2.2,274.0,2019-10-10 05:36:11,拖网
11,30.486527777777766,124.65244444444444,2.3,282.0,2019-10-10 05:56:11,拖网
11,30.494944444444453,124.63122222222222,3.0,325.0,2019-10-10 06:26:11,拖网
11,30.49841666666667,124.62452777777776,1.8,299.0,2019-10-10 06:36:11,拖网
11,30.50244444444445,124.618,2.5,297.0,2019-10-10 06:46:11,拖网
11,30.507388888888887,124.61236111111108,2.1,322.0,2019-10-10 06:56:11,拖网
11,30.51216666666667,124.6064722222222,2.8,308.0,2019-10-10 07:06:27,拖网
11,30.517,124.60138888888888,2.6,309.0,2019-10-10 07:16:13,拖网
11,30.521777777777768,124.59591666666668,1.2,108.0,2019-10-10 07:26:11,拖网
11,30.519388888888887,124.6002222222222,1.0,106.0,2019-10-10 07:36:11,拖网
11,30.521166666666662,124.60019444444444,0.8,0.0,2019-10-10 07:46:10,拖网
11,30.522277777777767,124.59933333333332,0.4,0.0,2019-10-10 07:56:24,拖网
11,30.52544444444444,124.59511111111112,7.4,318.0,2019-10-10 08:06:13,拖网
11,30.536166666666663,124.57922222222224,6.2,281.0,2019-10-10 08:16:24,拖网
11,30.53972222222223,124.57277777777776,2.6,96.0,2019-10-10 08:26:10,拖网
11,30.53805555555556,124.58483333333332,2.7,91.0,2019-10-10 08:36:10,拖网
11,30.536722222222235,124.59230555555555,2.7,100.0,2019-10-10 08:46:09,拖网
11,30.53533333333333,124.59988888888888,2.2,108.0,2019-10-10 08:56:09,拖网
11,30.534055555555558,124.60761111111108,2.2,102.0,2019-10-10 09:06:09,拖网
11,30.53236111111111,124.6152777777778,2.9,108.0,2019-10-10 09:16:09,拖网
11,30.529694444444445,124.62252777777776,2.5,125.0,2019-10-10 09:26:09,拖网
11,30.52686111111111,124.62980555555556,2.9,134.0,2019-10-10 09:36:09,拖网
11,30.52441666666667,124.6373888888889,2.8,106.0,2019-10-10 09:46:09,拖网
11,30.52216666666667,124.64519444444444,2.7,97.0,2019-10-10 09:56:09,拖网
11,30.519361111111117,124.65297222222225,4.5,114.0,2019-10-10 10:06:09,拖网
11,30.51541666666667,124.66,3.4,124.0,2019-10-10 10:16:09,拖网
11,30.511333333333337,124.67638888888894,3.0,89.0,2019-10-10 10:36:09,拖网
11,30.51102777777778,124.68533333333336,3.0,93.0,2019-10-10 10:46:09,拖网
11,30.50933333333333,124.70297222222224,2.5,103.0,2019-10-10 11:06:09,拖网
11,30.50866666666667,124.71155555555556,2.6,99.0,2019-10-10 11:16:09,拖网
11,30.507777777777783,124.7199722222222,2.4,101.0,2019-10-10 11:26:09,拖网
11,30.507361111111116,124.72788888888888,2.8,86.0,2019-10-10 11:36:09,拖网
11,30.50666666666667,124.73583333333332,2.9,104.0,2019-10-10 11:46:25,拖网
11,30.50577777777778,124.74416666666669,3.1,111.0,2019-10-10 11:56:09,拖网
11,30.505166666666664,124.75286111111112,2.3,100.0,2019-10-10 12:06:25,拖网
11,30.504444444444445,124.7609722222222,2.0,99.0,2019-10-10 12:16:09,拖网
11,30.504,124.76905555555555,2.4,100.0,2019-10-10 12:26:09,拖网
11,30.50338888888889,124.777,2.7,99.0,2019-10-10 12:36:09,拖网
11,30.50113888888889,124.79258333333334,2.7,125.0,2019-10-10 12:56:09,拖网
11,30.49983333333333,124.80022222222222,2.5,112.0,2019-10-10 13:06:25,拖网
11,30.49838888888889,124.8075,2.5,116.0,2019-10-10 13:16:09,拖网
11,30.4965,124.8147777777778,2.7,93.0,2019-10-10 13:26:08,拖网
11,30.494111111111117,124.82175,3.3,123.0,2019-10-10 13:36:08,拖网
11,30.49363888888889,124.82225,0.8,309.0,2019-10-10 13:46:08,拖网
11,30.49144444444445,124.82091666666666,1.2,152.0,2019-10-10 13:56:08,拖网
11,30.488833333333336,124.82230555555556,1.9,207.0,2019-10-10 14:06:08,拖网
11,30.485944444444453,124.82294444444445,1.2,176.0,2019-10-10 14:16:08,拖网
11,30.483,124.82322222222224,1.0,188.0,2019-10-10 14:26:08,拖网
11,30.48419444444445,124.81380555555556,6.8,310.0,2019-10-10 14:36:08,拖网
11,30.491972222222238,124.81852777777776,1.5,182.0,2019-10-10 14:46:08,拖网
11,30.48913888888889,124.81738888888889,0.5,210.0,2019-10-10 14:56:08,拖网
11,30.48641666666667,124.81611111111113,0.7,0.0,2019-10-10 15:06:08,拖网
11,30.500916666666665,124.81916666666666,7.9,27.0,2019-10-10 15:16:08,拖网
11,30.50488888888889,124.81961111111112,3.8,290.0,2019-10-10 15:26:08,拖网
11,30.505666666666663,124.80708333333332,2.3,271.0,2019-10-10 15:36:08,拖网
11,30.50625,124.79938888888888,2.2,258.0,2019-10-10 15:46:08,拖网
11,30.506888888888888,124.79169444444445,2.7,264.0,2019-10-10 15:56:08,拖网
11,30.50741666666667,124.78305555555556,2.2,265.0,2019-10-10 16:07:25,拖网
11,30.50822222222222,124.77625,2.5,271.0,2019-10-10 16:16:08,拖网
11,30.50891666666667,124.7684722222222,2.1,262.0,2019-10-10 16:26:08,拖网
11,30.50944444444445,124.76055555555556,1.8,279.0,2019-10-10 16:36:08,拖网
11,30.50991666666667,124.75261111111112,2.5,285.0,2019-10-10 16:46:08,拖网
11,30.5105,124.74466666666666,2.2,257.0,2019-10-10 16:56:08,拖网
11,30.511,124.73669444444444,2.5,262.0,2019-10-10 17:06:08,拖网
11,30.51161111111111,124.72866666666668,2.5,276.0,2019-10-10 17:16:08,拖网
11,30.512611111111116,124.72075,2.2,279.0,2019-10-10 17:26:08,拖网
11,30.514388888888888,124.71286111111112,2.5,266.0,2019-10-10 17:36:08,拖网
11,30.516,124.70491666666668,2.6,284.0,2019-10-10 17:46:08,拖网
11,30.517666666666663,124.69705555555556,2.0,270.0,2019-10-10 17:56:08,拖网
11,30.519416666666668,124.68919444444444,1.9,265.0,2019-10-10 18:06:07,拖网
11,30.52105555555556,124.68130555555555,1.9,286.0,2019-10-10 18:16:07,拖网
11,30.52288888888889,124.67361111111111,2.6,308.0,2019-10-10 18:26:07,拖网
11,30.5245,124.66611111111112,1.6,273.0,2019-10-10 18:36:07,拖网
11,30.526111111111117,124.65861111111111,1.4,281.0,2019-10-10 18:46:07,拖网
11,30.52847222222222,124.65152777777776,2.5,288.0,2019-10-10 18:56:07,拖网
11,30.531277777777767,124.64455555555556,2.6,292.0,2019-10-10 19:06:07,拖网
11,30.53408333333333,124.638,2.0,309.0,2019-10-10 19:16:08,拖网
11,30.53694444444445,124.63152777777776,1.7,287.0,2019-10-10 19:26:07,拖网
11,30.539027777777783,124.62469444444444,1.8,289.0,2019-10-10 19:36:08,拖网
11,30.53905555555556,124.62722222222222,1.9,0.0,2019-10-10 19:46:08,拖网
11,30.540888888888887,124.62877777777776,0.9,3.0,2019-10-10 19:56:25,拖网
11,30.542527777777767,124.62763888888888,1.0,323.0,2019-10-10 20:06:07,拖网
11,30.54377777777777,124.62644444444445,1.4,323.0,2019-10-10 20:16:07,拖网
11,30.54511111111111,124.62491666666666,2.6,318.0,2019-10-10 20:26:07,拖网
11,30.5375,124.605,8.1,273.0,2019-10-10 20:36:07,拖网
11,30.5385,124.59202777777776,1.0,99.0,2019-10-10 20:46:07,拖网
11,30.53480555555556,124.6065,1.8,109.0,2019-10-10 21:06:07,拖网
